event_name,unique_event_id,event_completed,player_name,finish_pos,datagolf_rank,r4_delta,bin_100,bin_40
THE PLAYERS Championship,201711,2017-05-14,"Stanley, Kyle",4,459,0,401-500,441-500
THE PLAYERS Championship,201711,2017-05-14,"Oosthuizen, Louis",2,34,1,1-100,1-40
RBC Heritage,201712,2017-04-16,"Kisner, Kevin",11,70,0,1-100,41-80
RBC Heritage,201712,2017-04-16,"Simpson, Webb",11,88,0,1-100,81-120
RBC Heritage,201712,2017-04-16,"Poulter, Ian",11,126,1,101-200,121-160
RBC Heritage,201712,2017-04-16,"Donald, Luke",2,209,2,201-300,201-240
RBC Heritage,201712,2017-04-16,"McGirt, William",3,271,2,201-300,241-280
Wyndham Championship,201713,2017-08-20,"Na, Kevin",4,86,1,1-100,81-120
Wyndham Championship,201713,2017-08-20,"Simpson, Webb",3,88,1,1-100,81-120
Masters Tournament,201714,2017-04-09,"Rose, Justin",2,75,0,1-100,41-80
Masters Tournament,201714,2017-04-09,"Fowler, Rickie",11,166,1,101-200,161-200
Masters Tournament,201714,2017-04-09,"Hoffman, Charley",22,203,2,201-300,201-240
Masters Tournament,201714,2017-04-09,"Moore, Ryan",9,230,2,201-300,201-240
Masters Tournament,201714,2017-04-09,"Spieth, Jordan",11,20,2,1-100,1-40
SBS Tournament of Champions,201716,2017-01-08,"Matsuyama, Hideki",2,24,2,1-100,1-40
AT&T Byron Nelson,201719,2017-05-21,"Hahn, James",3,145,0,101-200,121-160
AT&T Byron Nelson,201719,2017-05-21,"Day, Jason",2,78,2,1-100,41-80
AT&T Byron Nelson,201719,2017-05-21,"Kokrak, Jason",4,66,2,1-100,41-80
CareerBuilder Challenge,20172,2017-01-22,"Hadwin, Adam",2,82,0,1-100,81-120
CareerBuilder Challenge,20172,2017-01-22,"Harman, Brian",3,31,2,1-100,1-40
Shell Houston Open,201720,2017-04-02,"Kang, Sung",2,447,0,401-500,441-500
DEAN & DELUCA Invitational,201721,2017-05-28,"Simpson, Webb",5,88,0,1-100,81-120
DEAN & DELUCA Invitational,201721,2017-05-28,"Casey, Paul",10,28,2,1-100,1-40
DEAN & DELUCA Invitational,201721,2017-05-28,"Lee, Danny",6,187,2,101-200,161-200
the Memorial Tournament presented by Nationwide,201723,2017-06-04,"Kuchar, Matt",4,51,0,1-100,41-80
the Memorial Tournament presented by Nationwide,201723,2017-06-04,"Thomas, Justin",4,11,1,1-100,1-40
the Memorial Tournament presented by Nationwide,201723,2017-06-04,"Watson, Bubba",6,58,1,1-100,41-80
the Memorial Tournament presented by Nationwide,201723,2017-06-04,"Fowler, Rickie",2,166,2,101-200,161-200
FedEx St. Jude Classic,201725,2017-06-11,"Cabrera Bello, Rafa",4,350,0,301-400,321-360
FedEx St. Jude Classic,201725,2017-06-11,"Cink, Stewart",10,155,0,101-200,121-160
FedEx St. Jude Classic,201725,2017-06-11,"List, Luke",18,129,1,101-200,121-160
FedEx St. Jude Classic,201725,2017-06-11,"Chappell, Kevin",4,315,2,301-400,281-320
FedEx St. Jude Classic,201725,2017-06-11,"Jones, Matt",18,120,2,101-200,81-120
FedEx St. Jude Classic,201725,2017-06-11,"Reavie, Chez",4,101,2,101-200,81-120
U.S. Open,201726,2017-06-18,"Harman, Brian",2,31,0,1-100,1-40
U.S. Open,201726,2017-06-18,"Fleetwood, Tommy",4,22,1,1-100,1-40
U.S. Open,201726,2017-06-18,"Thomas, Justin",9,11,1,1-100,1-40
U.S. Open,201726,2017-06-18,"Fowler, Rickie",5,166,2,101-200,161-200
THE NORTHERN TRUST,201727,2017-08-27,"Spieth, Jordan",2,20,0,1-100,1-40
Waste Management Phoenix Open,20173,2017-02-05,"An, Byeong Hun",6,265,0,201-300,241-280
Waste Management Phoenix Open,20173,2017-02-05,"Laird, Martin",7,91,1,1-100,81-120
John Deere Classic,201730,2017-07-16,"Rodgers, Patrick",2,89,0,1-100,81-120
John Deere Classic,201730,2017-07-16,"Berger, Daniel",5,30,2,1-100,1-40
John Deere Classic,201730,2017-07-16,"Stallings, Scott",5,47,2,1-100,41-80
RBC Canadian Open,201732,2017-07-30,"Hoffman, Charley",2,203,0,201-300,201-240
RBC Canadian Open,201732,2017-07-30,"Chappell, Kevin",8,315,1,301-400,281-320
RBC Canadian Open,201732,2017-07-30,"Woodland, Gary",4,65,2,1-100,41-80
PGA Championship,201733,2017-08-13,"Kisner, Kevin",7,70,0,1-100,41-80
PGA Championship,201733,2017-08-13,"Matsuyama, Hideki",5,24,1,1-100,1-40
PGA Championship,201733,2017-08-13,"Stroud, Chris",9,352,1,301-400,321-360
PGA Championship,201733,2017-08-13,"Oosthuizen, Louis",2,34,2,1-100,1-40
Farmers Insurance Open,20174,2017-01-29,"Rodgers, Patrick",4,89,0,1-100,81-120
Farmers Insurance Open,20174,2017-01-29,"Snedeker, Brandt",9,280,0,201-300,241-280
Farmers Insurance Open,20174,2017-01-29,"Finau, Tony",4,5,1,1-100,1-40
Farmers Insurance Open,20174,2017-01-29,"Pan, C.T.",2,157,1,101-200,121-160
Farmers Insurance Open,20174,2017-01-29,"Cink, Stewart",20,155,2,101-200,121-160
Farmers Insurance Open,20174,2017-01-29,"English, Harris",14,123,2,101-200,121-160
Farmers Insurance Open,20174,2017-01-29,"Leishman, Marc",20,71,2,1-100,41-80
Farmers Insurance Open,20174,2017-01-29,"Perez, Pat",4,99,2,1-100,81-120
Farmers Insurance Open,20174,2017-01-29,"Rose, Justin",4,75,2,1-100,41-80
Farmers Insurance Open,20174,2017-01-29,"Streb, Robert",9,180,2,101-200,161-200
Valero Texas Open,201741,2017-04-23,"Grace, Branden",10,61,1,1-100,41-80
Valero Texas Open,201741,2017-04-23,"Huh, John",22,139,1,101-200,121-160
Valero Texas Open,201741,2017-04-23,"Finau, Tony",3,5,2,1-100,1-40
Valero Texas Open,201741,2017-04-23,"Laird, Martin",18,91,2,1-100,81-120
Valero Texas Open,201741,2017-04-23,"Palmer, Ryan",6,105,2,101-200,81-120
Valero Texas Open,201741,2017-04-23,"Smith, Cameron",6,7,2,1-100,1-40
Valero Texas Open,201741,2017-04-23,"Tway, Kevin",3,273,2,201-300,241-280
Quicken Loans National,2017471,2017-07-02,"Lingmerth, David",5,236,0,201-300,201-240
World Golf Championships-Mexico Championship,2017473,2017-03-05,"Thomas, Justin",5,11,0,1-100,1-40
World Golf Championships-Mexico Championship,2017473,2017-03-05,"McIlroy, Rory",7,1,2,1-100,1-40
World Golf Championships-Mexico Championship,2017473,2017-03-05,"Mickelson, Phil",7,425,2,401-500,400-440
World Golf Championships-Bridgestone Invitational,2017476,2017-08-06,"Johnson, Zach",2,163,0,101-200,161-200
World Golf Championships-Bridgestone Invitational,2017476,2017-08-06,"Pieters, Thomas",4,43,0,1-100,41-80
Wells Fargo Championship,2017480,2017-05-07,"Reed, Patrick",12,52,0,1-100,41-80
Wells Fargo Championship,2017480,2017-05-07,"Noren, Alex",31,39,1,1-100,1-40
Wells Fargo Championship,2017480,2017-05-07,"Rahm, Jon",4,6,1,1-100,1-40
Wells Fargo Championship,2017480,2017-05-07,"Molinari, Francesco",24,127,2,101-200,121-160
Wells Fargo Championship,2017480,2017-05-07,"Noh, Seung-Yul",5,254,2,201-300,241-280
Wells Fargo Championship,2017480,2017-05-07,"Taylor, Vaughn",12,238,2,201-300,201-240
Puerto Rico Open,2017483,2017-03-26,"Stroud, Chris",8,352,0,301-400,321-360
Puerto Rico Open,2017483,2017-03-26,"DeChambeau, Bryson",2,73,2,1-100,41-80
The Greenbrier Classic,2017490,2017-07-09,"Munoz, Sebastian",3,41,0,1-100,41-80
The Greenbrier Classic,2017490,2017-07-09,"Streb, Robert",2,180,2,101-200,161-200
Dell Technologies Championship,2017505,2017-09-04,"Leishman, Marc",3,71,0,1-100,41-80
Dell Technologies Championship,2017505,2017-09-04,"Casey, Paul",4,28,1,1-100,1-40
Dell Technologies Championship,2017505,2017-09-04,"Hadwin, Adam",13,82,2,1-100,81-120
Dell Technologies Championship,2017505,2017-09-04,"Murray, Grayson",25,481,2,401-500,441-500
Dell Technologies Championship,2017505,2017-09-04,"Spieth, Jordan",2,20,2,1-100,1-40
Barbasol Championship,2017518,2017-07-23,"Stallings, Scott",3,47,0,1-100,41-80
TOUR Championship,201760,2017-09-24,"Casey, Paul",5,28,0,1-100,1-40
TOUR Championship,201760,2017-09-24,"Kisner, Kevin",3,70,2,1-100,41-80
Arnold Palmer Invitational presented by Mastercard,20179,2017-03-19,"Hoffman, Charley",2,203,0,201-300,201-240
Arnold Palmer Invitational presented by Mastercard,20179,2017-03-19,"Kisner, Kevin",2,70,0,1-100,41-80
The Honda Classic,201810,2018-02-25,"List, Luke",2,129,0,101-200,121-160
The Honda Classic,201810,2018-02-25,"Simpson, Webb",5,88,1,1-100,81-120
The Honda Classic,201810,2018-02-25,"Fleetwood, Tommy",4,22,2,1-100,1-40
The Open Championship,2018100,2018-07-22,"Kisner, Kevin",2,70,0,1-100,41-80
The Open Championship,2018100,2018-07-22,"Schauffele, Xander",2,4,0,1-100,1-40
The Open Championship,2018100,2018-07-22,"Spieth, Jordan",9,20,0,1-100,1-40
The Open Championship,2018100,2018-07-22,"Chappell, Kevin",6,315,2,301-400,281-320
RBC Heritage,201812,2018-04-15,"Poulter, Ian",7,126,0,101-200,121-160
RBC Heritage,201812,2018-04-15,"Kim, Si Woo",2,79,1,1-100,41-80
RBC Heritage,201812,2018-04-15,"List, Luke",3,129,1,101-200,121-160
RBC Heritage,201812,2018-04-15,"Horschel, Billy",5,26,2,1-100,1-40
RBC Heritage,201812,2018-04-15,"Pan, C.T.",23,157,2,101-200,121-160
Wyndham Championship,201813,2018-08-19,"Pan, C.T.",2,157,2,101-200,121-160
Sentry Tournament of Champions,201816,2018-01-07,"Harman, Brian",3,31,2,1-100,1-40
AT&T Byron Nelson,201819,2018-05-20,"Leishman, Marc",2,71,0,1-100,41-80
CareerBuilder Challenge,20182,2018-01-21,"Cook, Austin",14,225,0,201-300,201-240
CareerBuilder Challenge,20182,2018-01-21,"Piercy, Scott",6,196,2,101-200,161-200
Houston Open,201820,2018-04-01,"Hossler, Beau",2,159,0,101-200,121-160
Houston Open,201820,2018-04-01,"Grillo, Emiliano",3,54,2,1-100,41-80
Houston Open,201820,2018-04-01,"Tway, Kevin",32,273,2,201-300,241-280
the Memorial Tournament presented by Nationwide,201823,2018-06-03,"Cantlay, Patrick",4,2,1,1-100,1-40
the Memorial Tournament presented by Nationwide,201823,2018-06-03,"Niemann, Joaquin",6,13,1,1-100,1-40
the Memorial Tournament presented by Nationwide,201823,2018-06-03,"Stanley, Kyle",2,459,1,401-500,441-500
the Memorial Tournament presented by Nationwide,201823,2018-06-03,"An, Byeong Hun",2,265,2,201-300,241-280
FedEx St. Jude Classic,201825,2018-06-10,"Putnam, Andrew",2,59,0,1-100,41-80
U.S. Open,201826,2018-06-17,"Berger, Daniel",6,30,0,1-100,1-40
U.S. Open,201826,2018-06-17,"Finau, Tony",5,5,0,1-100,1-40
U.S. Open,201826,2018-06-17,"Johnson, Dustin",3,12,0,1-100,1-40
U.S. Open,201826,2018-06-17,"Rose, Justin",10,75,1,1-100,41-80
U.S. Open,201826,2018-06-17,"Stenson, Henrik",6,104,2,101-200,81-120
BMW Championship,201828,2018-09-09,"Rose, Justin",2,75,0,1-100,41-80
BMW Championship,201828,2018-09-09,"McIlroy, Rory",5,1,1,1-100,1-40
BMW Championship,201828,2018-09-09,"Schauffele, Xander",3,4,1,1-100,1-40
BMW Championship,201828,2018-09-09,"Fleetwood, Tommy",8,22,2,1-100,1-40
BMW Championship,201828,2018-09-09,"Fowler, Rickie",8,166,2,101-200,161-200
Waste Management Phoenix Open,20183,2018-02-04,"Fowler, Rickie",11,166,0,101-200,161-200
Waste Management Phoenix Open,20183,2018-02-04,"DeChambeau, Bryson",5,73,1,1-100,41-80
Waste Management Phoenix Open,20183,2018-02-04,"Rahm, Jon",11,6,1,1-100,1-40
Waste Management Phoenix Open,20183,2018-02-04,"Reavie, Chez",2,101,1,101-200,81-120
Waste Management Phoenix Open,20183,2018-02-04,"Berger, Daniel",11,30,2,1-100,1-40
Waste Management Phoenix Open,20183,2018-02-04,"Mickelson, Phil",5,425,2,401-500,400-440
Waste Management Phoenix Open,20183,2018-02-04,"Schauffele, Xander",17,4,2,1-100,1-40
RBC Canadian Open,201832,2018-07-29,"An, Byeong Hun",2,265,0,201-300,241-280
RBC Canadian Open,201832,2018-07-29,"Tway, Kevin",17,273,0,201-300,241-280
PGA Championship,201833,2018-08-12,"Scott, Adam",3,32,2,1-100,1-40
Travelers Championship,201834,2018-06-24,"Casey, Paul",2,28,0,1-100,1-40
Farmers Insurance Open,20184,2018-01-28,"Noren, Alex",2,39,0,1-100,1-40
Farmers Insurance Open,20184,2018-01-28,"Palmer, Ryan",2,105,1,101-200,81-120
Farmers Insurance Open,20184,2018-01-28,"Kim, Michael",23,134,2,101-200,121-160
Valero Texas Open,201841,2018-04-22,"Johnson, Zach",5,163,0,101-200,161-200
Valero Texas Open,201841,2018-04-22,"Mullinax, Trey",2,93,1,1-100,81-120
Valero Texas Open,201841,2018-04-22,"Moore, Ryan",7,230,2,201-300,201-240
OHL Classic at Mayakoba,2018457,2017-11-12,"Fowler, Rickie",2,166,1,101-200,161-200
Safeway Open,2018464,2017-10-08,"Duncan, Tyler",5,130,0,101-200,121-160
Safeway Open,2018464,2017-10-08,"Hadley, Chesson",3,176,1,101-200,161-200
Shriners Hospitals for Children Open,201847,2017-11-05,"Hossler, Beau",7,159,0,101-200,121-160
Shriners Hospitals for Children Open,201847,2017-11-05,"Spaun, J.J.",10,87,0,1-100,81-120
Quicken Loans National,2018471,2018-07-01,"Ancer, Abraham",4,50,0,1-100,41-80
Quicken Loans National,2018471,2018-07-01,"Armour, Ryan",2,216,2,201-300,201-240
World Golf Championships-Mexico Championship,2018473,2018-03-04,"Sharma, Shubhankar",9,421,0,401-500,400-440
World Golf Championships-Mexico Championship,2018473,2018-03-04,"Cabrera Bello, Rafa",3,350,2,301-400,321-360
World Golf Championships-Mexico Championship,2018473,2018-03-04,"Garcia, Sergio",7,56,2,1-100,41-80
World Golf Championships-Mexico Championship,2018473,2018-03-04,"Hatton, Tyrrell",3,27,2,1-100,1-40
Valspar Championship,2018475,2018-03-11,"Conners, Corey",16,19,0,1-100,1-40
Valspar Championship,2018475,2018-03-11,"Rose, Justin",5,75,1,1-100,41-80
Valspar Championship,2018475,2018-03-11,"Snedeker, Brandt",31,280,1,201-300,241-280
Hero World Challenge,2018478,2017-12-03,"Hoffman, Charley",2,203,0,201-300,201-240
World Golf Championships-HSBC Champions,2018489,2017-10-29,"Johnson, Dustin",2,12,0,1-100,1-40
A Military Tribute at The Greenbrier,2018490,2018-07-08,"Kraft, Kelly",2,213,0,201-300,201-240
A Military Tribute at The Greenbrier,2018490,2018-07-08,"Varner III, Harold",5,42,0,1-100,41-80
A Military Tribute at The Greenbrier,2018490,2018-07-08,"Schauffele, Xander",21,4,1,1-100,1-40
AT&T Pebble Beach Pro-Am,20185,2018-02-11,"Johnson, Dustin",2,12,0,1-100,1-40
AT&T Pebble Beach Pro-Am,20185,2018-02-11,"Day, Jason",2,78,2,1-100,41-80
AT&T Pebble Beach Pro-Am,20185,2018-02-11,"Merritt, Troy",8,68,2,1-100,41-80
Dell Technologies Championship,2018505,2018-09-03,"Ancer, Abraham",7,50,0,1-100,41-80
Dell Technologies Championship,2018505,2018-09-03,"Hatton, Tyrrell",12,27,1,1-100,1-40
Dell Technologies Championship,2018505,2018-09-03,"Rose, Justin",2,75,2,1-100,41-80
Dell Technologies Championship,2018505,2018-09-03,"Smith, Cameron",3,7,2,1-100,1-40
Barbasol Championship,2018518,2018-07-22,"Streb, Robert",10,180,0,101-200,161-200
Barbasol Championship,2018518,2018-07-22,"Barber, Blayne",12,405,1,401-500,400-440
Barbasol Championship,2018518,2018-07-22,"Horschel, Billy",2,26,1,1-100,1-40
Barbasol Championship,2018518,2018-07-22,"Ryder, Sam",7,152,1,101-200,121-160
Barbasol Championship,2018518,2018-07-22,"Percy, Cameron",7,206,2,201-300,201-240
Barbasol Championship,2018518,2018-07-22,"Werenski, Richy",2,366,2,301-400,361-400
THE CJ CUP @ NINE BRIDGES,2018521,2017-10-22,"Brown, Scott",5,303,0,301-400,281-320
THE CJ CUP @ NINE BRIDGES,2018521,2017-10-22,"Lahiri, Anirban",5,109,2,101-200,81-120
THE CJ CUP @ NINE BRIDGES,2018521,2017-10-22,"Leishman, Marc",2,71,2,1-100,41-80
Corales Puntacana Resort & Club Championship,2018522,2018-03-25,"Conners, Corey",13,19,2,1-100,1-40
Sony Open in Hawaii,20186,2018-01-14,"Hoge, Tom",3,53,0,1-100,41-80
Sony Open in Hawaii,20186,2018-01-14,"Harman, Brian",4,31,1,1-100,1-40
Sony Open in Hawaii,20186,2018-01-14,"Stanley, Kyle",10,459,2,401-500,441-500
TOUR Championship,201860,2018-09-23,"McIlroy, Rory",7,1,0,1-100,1-40
TOUR Championship,201860,2018-09-23,"Rose, Justin",4,75,0,1-100,41-80
Genesis Open,20187,2018-02-18,"Cantlay, Patrick",4,2,1,1-100,1-40
Genesis Open,20187,2018-02-18,"Finau, Tony",2,5,2,1-100,1-40
Genesis Open,20187,2018-02-18,"McDowell, Graeme",26,253,2,201-300,241-280
Genesis Open,20187,2018-02-18,"Na, Kevin",2,86,2,1-100,81-120
Genesis Open,20187,2018-02-18,"Smith, Cameron",6,7,2,1-100,1-40
Arnold Palmer Invitational presented by Mastercard,20189,2018-03-18,"Stenson, Henrik",4,104,0,101-200,81-120
Arnold Palmer Invitational presented by Mastercard,20189,2018-03-18,"DeChambeau, Bryson",2,73,1,1-100,41-80
The Honda Classic,201910,2019-03-03,"Clark, Wyndham",7,92,0,1-100,81-120
The Honda Classic,201910,2019-03-03,"Fowler, Rickie",2,166,2,101-200,161-200
THE PLAYERS Championship,201911,2019-03-17,"Rahm, Jon",12,6,0,1-100,1-40
THE PLAYERS Championship,201911,2019-03-17,"Fleetwood, Tommy",5,22,1,1-100,1-40
RBC Heritage,201912,2019-04-21,"Johnson, Dustin",28,12,0,1-100,1-40
RBC Heritage,201912,2019-04-21,"Lowry, Shane",3,16,1,1-100,1-40
RBC Heritage,201912,2019-04-21,"Poulter, Ian",10,126,1,101-200,121-160
RBC Heritage,201912,2019-04-21,"Sabbatini, Rory",10,186,1,101-200,161-200
RBC Heritage,201912,2019-04-21,"Cantlay, Patrick",3,2,2,1-100,1-40
RBC Heritage,201912,2019-04-21,"Grillo, Emiliano",33,54,2,1-100,41-80
RBC Heritage,201912,2019-04-21,"Mullinax, Trey",16,93,2,1-100,81-120
RBC Heritage,201912,2019-04-21,"Piercy, Scott",3,196,2,101-200,161-200
Wyndham Championship,201913,2019-08-04,"An, Byeong Hun",3,265,0,201-300,241-280
Wyndham Championship,201913,2019-08-04,"Garnett, Brice",6,211,1,201-300,201-240
Wyndham Championship,201913,2019-08-04,"Simpson, Webb",2,88,1,1-100,81-120
Wyndham Championship,201913,2019-08-04,"Armour, Ryan",22,216,2,201-300,201-240
The Masters,201914,2019-04-14,"Molinari, Francesco",5,127,0,101-200,121-160
The Masters,201914,2019-04-14,"Finau, Tony",5,5,2,1-100,1-40
Sentry Tournament of Champions,201916,2019-01-06,"Woodland, Gary",2,65,0,1-100,41-80
Desert Classic,20192,2019-01-20,"Mickelson, Phil",2,425,0,401-500,400-440
Desert Classic,20192,2019-01-20,"Hadwin, Adam",2,82,2,1-100,81-120
Charles Schwab Challenge,201921,2019-05-26,"Finau, Tony",2,5,2,1-100,1-40
Charles Schwab Challenge,201921,2019-05-26,"Hughes, Mackenzie",8,144,2,101-200,121-160
Charles Schwab Challenge,201921,2019-05-26,"Pan, C.T.",3,157,2,101-200,121-160
Charles Schwab Challenge,201921,2019-05-26,"Spieth, Jordan",8,20,2,1-100,1-40
the Memorial Tournament presented by Nationwide,201923,2019-06-02,"Kaymer, Martin",3,184,0,101-200,161-200
the Memorial Tournament presented by Nationwide,201923,2019-06-02,"Scott, Adam",2,32,2,1-100,1-40
U.S. Open,201926,2019-06-16,"Rose, Justin",3,75,1,1-100,41-80
THE NORTHERN TRUST,201927,2019-08-11,"Ancer, Abraham",2,50,1,1-100,41-80
THE NORTHERN TRUST,201927,2019-08-11,"Rahm, Jon",3,6,2,1-100,1-40
THE NORTHERN TRUST,201927,2019-08-11,"Snedeker, Brandt",6,280,2,201-300,241-280
John Deere Classic,201930,2019-07-14,"Tringale, Cameron",16,95,0,1-100,81-120
John Deere Classic,201930,2019-07-14,"Haas, Bill",10,227,1,201-300,201-240
John Deere Classic,201930,2019-07-14,"Schenk, Adam",6,141,1,101-200,121-160
John Deere Classic,201930,2019-07-14,"Moore, Ryan",18,230,2,201-300,201-240
John Deere Classic,201930,2019-07-14,"Taylor, Vaughn",6,238,2,201-300,201-240
RBC Canadian Open,201932,2019-06-09,"Kuchar, Matt",4,51,0,1-100,41-80
RBC Canadian Open,201932,2019-06-09,"Simpson, Webb",2,88,0,1-100,81-120
RBC Canadian Open,201932,2019-06-09,"Hadwin, Adam",6,82,1,1-100,81-120
RBC Canadian Open,201932,2019-06-09,"Lowry, Shane",2,16,1,1-100,1-40
RBC Canadian Open,201932,2019-06-09,"Snedeker, Brandt",4,280,1,201-300,241-280
Valero Texas Open,201941,2019-04-07,"Kim, Si Woo",4,79,0,1-100,41-80
Valero Texas Open,201941,2019-04-07,"Hoffman, Charley",2,203,2,201-300,201-240
Safeway Open,2019464,2018-10-07,"Snedeker, Brandt",2,280,0,201-300,241-280
Shriners Hospitals for Children Open,201947,2018-11-04,"Uihlein, Peter",23,252,0,201-300,241-280
Shriners Hospitals for Children Open,201947,2018-11-04,"Glover, Lucas",7,150,1,101-200,121-160
Shriners Hospitals for Children Open,201947,2018-11-04,"Cantlay, Patrick",2,2,2,1-100,1-40
Shriners Hospitals for Children Open,201947,2018-11-04,"Streb, Robert",4,180,2,101-200,161-200
Barracuda Championship,2019472,2019-07-28,"Streb, Robert",3,180,0,101-200,161-200
Barracuda Championship,2019472,2019-07-28,"Merritt, Troy",2,68,1,1-100,41-80
Valspar Championship,2019475,2019-03-24,"Johnson, Dustin",6,12,1,1-100,1-40
Valspar Championship,2019475,2019-03-24,"Kokrak, Jason",2,66,2,1-100,41-80
World Golf Championships-FedEx St. Jude Invitational,2019476,2019-07-28,"McIlroy, Rory",4,1,0,1-100,1-40
World Golf Championships-FedEx St. Jude Invitational,2019476,2019-07-28,"Fitzpatrick, Matthew",4,9,2,1-100,1-40
Hero World Challenge,2019478,2018-12-02,"Finau, Tony",2,5,0,1-100,1-40
Hero World Challenge,2019478,2018-12-02,"Stenson, Henrik",4,104,0,101-200,81-120
Hero World Challenge,2019478,2018-12-02,"Woodland, Gary",8,65,2,1-100,41-80
Wells Fargo Championship,2019480,2019-05-05,"Dahmen, Joel",2,172,0,101-200,161-200
Wells Fargo Championship,2019480,2019-05-05,"Perez, Pat",8,99,1,1-100,81-120
Wells Fargo Championship,2019480,2019-05-05,"McIlroy, Rory",8,1,2,1-100,1-40
Puerto Rico Open,2019483,2019-02-24,"Baddeley, Aaron",2,328,0,301-400,321-360
Puerto Rico Open,2019483,2019-02-24,"Lashley, Nate",8,158,1,101-200,121-160
World Golf Championships-HSBC Champions,2019489,2018-10-28,"Finau, Tony",2,5,0,1-100,1-40
The RSM Classic,2019493,2018-11-18,"Champ, Cameron",6,170,1,101-200,161-200
CIMB Classic,2019494,2018-10-14,"Sharma, Shubhankar",10,421,0,401-500,400-440
CIMB Classic,2019494,2018-10-14,"Woodland, Gary",5,65,0,1-100,41-80
CIMB Classic,2019494,2018-10-14,"Burgoon, Bronson",2,426,2,401-500,400-440
CIMB Classic,2019494,2018-10-14,"Oosthuizen, Louis",5,34,2,1-100,1-40
AT&T Pebble Beach Pro-Am,20195,2019-02-10,"Casey, Paul",2,28,0,1-100,1-40
Barbasol Championship,2019518,2019-07-21,"Kraft, Kelly",2,213,1,201-300,201-240
Corales Puntacana Resort & Club Championship,2019522,2019-03-31,"Stroud, Chris",2,352,1,301-400,321-360
Corales Puntacana Resort & Club Championship,2019522,2019-03-31,"Baddeley, Aaron",7,328,2,301-400,321-360
Corales Puntacana Resort & Club Championship,2019522,2019-03-31,"Im, Sungjae",7,10,2,1-100,1-40
3M Open,2019525,2019-07-07,"DeChambeau, Bryson",2,73,0,1-100,41-80
3M Open,2019525,2019-07-07,"Morikawa, Collin",2,23,0,1-100,1-40
3M Open,2019525,2019-07-07,"Clark, Wyndham",5,92,1,1-100,81-120
3M Open,2019525,2019-07-07,"Hadwin, Adam",4,82,1,1-100,81-120
3M Open,2019525,2019-07-07,"Howell III, Charles",23,77,2,1-100,41-80
3M Open,2019525,2019-07-07,"Matsuyama, Hideki",7,24,2,1-100,1-40
3M Open,2019525,2019-07-07,"Merritt, Troy",7,68,2,1-100,41-80
Sony Open in Hawaii,20196,2019-01-13,"Putnam, Andrew",2,59,2,1-100,41-80
TOUR Championship,201960,2019-08-25,"Schauffele, Xander",2,4,0,1-100,1-40
TOUR Championship,201960,2019-08-25,"Casey, Paul",5,28,1,1-100,1-40
TOUR Championship,201960,2019-08-25,"Koepka, Brooks",3,64,2,1-100,41-80
Genesis Open,20197,2019-02-17,"Thomas, Justin",2,11,0,1-100,1-40
Arnold Palmer Invitational presented by Mastercard,20199,2019-03-10,"Fitzpatrick, Matthew",2,9,0,1-100,1-40
Arnold Palmer Invitational presented by Mastercard,20199,2019-03-10,"McIlroy, Rory",6,1,1,1-100,1-40
Arnold Palmer Invitational presented by Mastercard,20199,2019-03-10,"Baddeley, Aaron",17,328,2,301-400,321-360
Arnold Palmer Invitational presented by Mastercard,20199,2019-03-10,"Kisner, Kevin",23,70,2,1-100,41-80
Arnold Palmer Invitational presented by Mastercard,20199,2019-03-10,"Wallace, Matt",6,137,2,101-200,121-160
The Honda Classic,202010,2020-03-01,"Fleetwood, Tommy",3,22,0,1-100,1-40
The Honda Classic,202010,2020-03-01,"Steele, Brendan",4,69,1,1-100,41-80
The Honda Classic,202010,2020-03-01,"Donald, Luke",11,209,2,201-300,201-240
The Honda Classic,202010,2020-03-01,"Westwood, Lee",4,154,2,101-200,121-160
RBC Heritage,202012,2020-06-21,"Ancer, Abraham",2,50,0,1-100,41-80
RBC Heritage,202012,2020-06-21,"Hatton, Tyrrell",3,27,0,1-100,1-40
RBC Heritage,202012,2020-06-21,"Palmer, Ryan",8,105,0,101-200,81-120
RBC Heritage,202012,2020-06-21,"Berger, Daniel",3,30,1,1-100,1-40
RBC Heritage,202012,2020-06-21,"Dahmen, Joel",48,172,1,101-200,161-200
RBC Heritage,202012,2020-06-21,"Ortiz, Carlos",33,133,1,101-200,121-160
RBC Heritage,202012,2020-06-21,"Conners, Corey",21,19,2,1-100,1-40
RBC Heritage,202012,2020-06-21,"Fitzpatrick, Matthew",14,9,2,1-100,1-40
RBC Heritage,202012,2020-06-21,"Garcia, Sergio",5,56,2,1-100,41-80
RBC Heritage,202012,2020-06-21,"Niemann, Joaquin",5,13,2,1-100,1-40
RBC Heritage,202012,2020-06-21,"Poulter, Ian",14,126,2,101-200,121-160
RBC Heritage,202012,2020-06-21,"Stroud, Chris",28,352,2,301-400,321-360
RBC Heritage,202012,2020-06-21,"Thompson, Michael",8,122,2,101-200,121-160
Wyndham Championship,202013,2020-08-16,"Kim, Si Woo",3,79,0,1-100,41-80
Wyndham Championship,202013,2020-08-16,"Oppenheim, Rob",15,317,2,301-400,281-320
Wyndham Championship,202013,2020-08-16,"Redman, Doc",3,195,2,101-200,161-200
Sentry Tournament of Champions,202016,2020-01-05,"Schauffele, Xander",2,4,0,1-100,1-40
The American Express,20202,2020-01-19,"Scheffler, Scottie",3,3,0,1-100,1-40
Houston Open,202020,2019-10-13,"Hubbard, Mark",2,76,1,1-100,41-80
Houston Open,202020,2019-10-13,"Hossler, Beau",13,159,2,101-200,121-160
Houston Open,202020,2019-10-13,"Malnati, Peter",17,153,2,101-200,121-160
Houston Open,202020,2019-10-13,"Tringale, Cameron",13,95,2,1-100,81-120
Charles Schwab Challenge,202021,2020-06-14,"Schauffele, Xander",3,4,0,1-100,1-40
Charles Schwab Challenge,202021,2020-06-14,"Grace, Branden",19,61,1,1-100,41-80
Charles Schwab Challenge,202021,2020-06-14,"Morikawa, Collin",2,23,1,1-100,1-40
Charles Schwab Challenge,202021,2020-06-14,"Spieth, Jordan",10,20,1,1-100,1-40
Charles Schwab Challenge,202021,2020-06-14,"Thomas, Justin",10,11,1,1-100,1-40
Charles Schwab Challenge,202021,2020-06-14,"Woodland, Gary",9,65,1,1-100,41-80
Charles Schwab Challenge,202021,2020-06-14,"Varner III, Harold",19,42,2,1-100,41-80
BMW Championship,202028,2020-08-30,"Johnson, Dustin",2,12,0,1-100,1-40
BMW Championship,202028,2020-08-30,"Matsuyama, Hideki",3,24,0,1-100,1-40
BMW Championship,202028,2020-08-30,"Hughes, Mackenzie",10,144,2,101-200,121-160
BMW Championship,202028,2020-08-30,"Niemann, Joaquin",3,13,2,1-100,1-40
BMW Championship,202028,2020-08-30,"Scott, Adam",25,32,2,1-100,1-40
Waste Management Phoenix Open,20203,2020-02-02,"Finau, Tony",2,5,0,1-100,1-40
Waste Management Phoenix Open,20203,2020-02-02,"Swafford, Hudson",9,241,2,201-300,241-280
PGA Championship,202033,2020-08-09,"Johnson, Dustin",2,12,0,1-100,1-40
PGA Championship,202033,2020-08-09,"Champ, Cameron",10,170,1,101-200,161-200
PGA Championship,202033,2020-08-09,"Scheffler, Scottie",4,3,1,1-100,1-40
PGA Championship,202033,2020-08-09,"Casey, Paul",2,28,2,1-100,1-40
PGA Championship,202033,2020-08-09,"Koepka, Brooks",29,64,2,1-100,41-80
Travelers Championship,202034,2020-06-28,"Todd, Brendon",11,94,0,1-100,81-120
Farmers Insurance Open,20204,2020-01-26,"Rahm, Jon",2,6,0,1-100,1-40
Farmers Insurance Open,20204,2020-01-26,"Palmer, Ryan",21,105,1,101-200,81-120
Mayakoba Golf Classic,2020457,2019-11-17,"English, Harris",5,123,1,101-200,121-160
Mayakoba Golf Classic,2020457,2019-11-17,"Taylor, Vaughn",2,238,1,201-300,201-240
Shriners Hospitals for Children Open,202047,2019-10-06,"Cantlay, Patrick",2,2,2,1-100,1-40
Barracuda Championship,2020472,2020-08-02,"Grillo, Emiliano",9,54,0,1-100,41-80
Barracuda Championship,2020472,2020-08-02,"McNealy, Maverick",7,46,0,1-100,41-80
Barracuda Championship,2020472,2020-08-02,"Merritt, Troy",2,68,0,1-100,41-80
Barracuda Championship,2020472,2020-08-02,"Streb, Robert",5,180,0,101-200,161-200
Barracuda Championship,2020472,2020-08-02,"Bramlett, Joseph",12,212,2,201-300,201-240
Barracuda Championship,2020472,2020-08-02,"Power, Seamus",9,63,2,1-100,41-80
Barracuda Championship,2020472,2020-08-02,"Schwab, Matthias",3,208,2,201-300,201-240
World Golf Championships-Mexico Championship,2020473,2020-02-23,"Thomas, Justin",6,11,0,1-100,1-40
World Golf Championships-FedEx St. Jude Invitational,2020476,2020-08-02,"Todd, Brendon",15,94,0,1-100,81-120
World Golf Championships-FedEx St. Jude Invitational,2020476,2020-08-02,"An, Byeong Hun",12,265,1,201-300,241-280
World Golf Championships-FedEx St. Jude Invitational,2020476,2020-08-02,"Fowler, Rickie",15,166,2,101-200,161-200
Hero World Challenge,2020478,2019-12-07,"Woodland, Gary",7,65,0,1-100,41-80
Hero World Challenge,2020478,2019-12-07,"Rahm, Jon",2,6,2,1-100,1-40
Hero World Challenge,2020478,2019-12-07,"Thomas, Justin",5,11,2,1-100,1-40
Puerto Rico Open,2020483,2020-02-23,"Laird, Martin",6,91,1,1-100,81-120
World Golf Championships-HSBC Champions,2020489,2019-11-03,"Oosthuizen, Louis",3,34,1,1-100,1-40
World Golf Championships-HSBC Champions,2020489,2019-11-03,"Fitzpatrick, Matthew",7,9,2,1-100,1-40
World Golf Championships-HSBC Champions,2020489,2019-11-03,"Schauffele, Xander",2,4,2,1-100,1-40
A Military Tribute at The Greenbrier,2020490,2019-09-15,"Lashley, Nate",3,158,2,101-200,121-160
A Military Tribute at The Greenbrier,2020490,2019-09-15,"Shelton, Robby",7,162,2,101-200,161-200
A Military Tribute at The Greenbrier,2020490,2019-09-15,"Werenski, Richy",3,366,2,301-400,361-400
The RSM Classic,2020493,2019-11-24,"Todd, Brendon",4,94,0,1-100,81-120
The RSM Classic,2020493,2019-11-24,"Munoz, Sebastian",3,41,2,1-100,41-80
The RSM Classic,2020493,2019-11-24,"Simpson, Webb",2,88,2,1-100,81-120
AT&T Pebble Beach Pro-Am,20205,2020-02-09,"Mickelson, Phil",3,425,1,401-500,400-440
THE CJ CUP @ NINE BRIDGES,2020521,2019-10-20,"Lee, Danny",2,187,0,101-200,161-200
Rocket Mortgage Classic,2020524,2020-07-05,"Wolff, Matthew",2,146,0,101-200,121-160
3M Open,2020525,2020-07-26,"Werenski, Richy",3,366,0,301-400,361-400
3M Open,2020525,2020-07-26,"Finau, Tony",3,5,2,1-100,1-40
3M Open,2020525,2020-07-26,"Schwartzel, Charl",3,147,2,101-200,121-160
ZOZO CHAMPIONSHIP,2020527,2019-10-27,"Matsuyama, Hideki",2,24,0,1-100,1-40
ZOZO CHAMPIONSHIP,2020527,2019-10-27,"Woodland, Gary",5,65,1,1-100,41-80
ZOZO CHAMPIONSHIP,2020527,2019-10-27,"Conners, Corey",6,19,2,1-100,1-40
ZOZO CHAMPIONSHIP,2020527,2019-10-27,"Horschel, Billy",6,26,2,1-100,1-40
ZOZO CHAMPIONSHIP,2020527,2019-10-27,"Schauffele, Xander",10,4,2,1-100,1-40
Bermuda Championship,2020528,2019-11-03,"Higgs, Harry",2,345,0,301-400,321-360
Workday Charity Open,2020533,2020-07-12,"Thomas, Justin",2,11,0,1-100,1-40
Workday Charity Open,2020533,2020-07-12,"Hovland, Viktor",3,15,2,1-100,1-40
Sanderson Farms Championship,202054,2019-09-22,"Ortiz, Carlos",4,133,1,101-200,121-160
Sanderson Farms Championship,202054,2019-09-22,"An, Byeong Hun",3,265,2,201-300,241-280
Sony Open in Hawaii,20206,2020-01-12,"Steele, Brendan",2,69,0,1-100,41-80
TOUR Championship,202060,2020-09-07,"Schauffele, Xander",2,4,0,1-100,1-40
The Genesis Invitational,20207,2020-02-16,"Kuchar, Matt",2,51,0,1-100,41-80
The Genesis Invitational,20207,2020-02-16,"McIlroy, Rory",5,1,0,1-100,1-40
The Genesis Invitational,20207,2020-02-16,"Henley, Russell",17,29,1,1-100,1-40
The Genesis Invitational,20207,2020-02-16,"Varner III, Harold",13,42,1,1-100,41-80
The Genesis Invitational,20207,2020-02-16,"Dahmen, Joel",5,172,2,101-200,161-200
The Genesis Invitational,20207,2020-02-16,"Johnson, Dustin",10,12,2,1-100,1-40
Arnold Palmer Invitational presented by Mastercard,20209,2020-03-08,"Leishman, Marc",2,71,2,1-100,41-80
Arnold Palmer Invitational presented by Mastercard,20209,2020-03-08,"McIlroy, Rory",5,1,2,1-100,1-40
The Open Championship,2021100,2021-07-18,"Oosthuizen, Louis",3,34,0,1-100,1-40
THE PLAYERS Championship,202111,2021-03-14,"Westwood, Lee",2,154,0,101-200,121-160
THE PLAYERS Championship,202111,2021-03-14,"DeChambeau, Bryson",3,73,2,1-100,41-80
Wyndham Championship,202113,2021-08-15,"Henley, Russell",7,29,0,1-100,1-40
Sentry Tournament of Champions,202116,2021-01-10,"Palmer, Ryan",4,105,0,101-200,81-120
Sentry Tournament of Champions,202116,2021-01-10,"Morikawa, Collin",7,23,1,1-100,1-40
AT&T Byron Nelson,202119,2021-05-16,"Burns, Sam",2,18,0,1-100,1-40
The American Express,20212,2021-01-24,"Finau, Tony",4,5,0,1-100,1-40
The American Express,20212,2021-01-24,"Homa, Max",21,14,0,1-100,1-40
The American Express,20212,2021-01-24,"Werenski, Richy",21,366,1,301-400,361-400
The American Express,20212,2021-01-24,"Grillo, Emiliano",37,54,2,1-100,41-80
The American Express,20212,2021-01-24,"Harman, Brian",8,31,2,1-100,1-40
The American Express,20212,2021-01-24,"Knox, Russell",16,114,2,101-200,81-120
Vivint Houston Open,202120,2020-11-08,"Burns, Sam",7,18,0,1-100,1-40
Vivint Houston Open,202120,2020-11-08,"Day, Jason",7,78,1,1-100,41-80
Vivint Houston Open,202120,2020-11-08,"Straka, Sepp",5,103,2,101-200,81-120
Charles Schwab Challenge,202121,2021-05-30,"Spieth, Jordan",2,20,0,1-100,1-40
U.S. Open,202126,2020-09-20,"Wolff, Matthew",2,146,0,101-200,121-160
THE NORTHERN TRUST,202127,2021-08-22,"Rahm, Jon",3,6,0,1-100,1-40
THE NORTHERN TRUST,202127,2021-08-22,"Smith, Cameron",2,7,0,1-100,1-40
THE NORTHERN TRUST,202127,2021-08-22,"Thomas, Justin",4,11,2,1-100,1-40
BMW Championship,202128,2021-08-29,"DeChambeau, Bryson",2,73,0,1-100,41-80
Waste Management Phoenix Open,20213,2021-02-07,"Schauffele, Xander",2,4,0,1-100,1-40
Waste Management Phoenix Open,20213,2021-02-07,"Spieth, Jordan",4,20,0,1-100,1-40
John Deere Classic,202130,2021-07-11,"Munoz, Sebastian",4,41,0,1-100,41-80
John Deere Classic,202130,2021-07-11,"Hagy, Brandon",18,451,1,401-500,441-500
John Deere Classic,202130,2021-07-11,"Brown, Scott",4,303,2,301-400,281-320
John Deere Classic,202130,2021-07-11,"Champ, Cameron",11,170,2,101-200,161-200
John Deere Classic,202130,2021-07-11,"Long, Adam",23,84,2,1-100,81-120
John Deere Classic,202130,2021-07-11,"Moore, Ryan",2,230,2,201-300,201-240
John Deere Classic,202130,2021-07-11,"Na, Kevin",2,86,2,1-100,81-120
PGA Championship,202133,2021-05-23,"Koepka, Brooks",2,64,1,1-100,41-80
PGA Championship,202133,2021-05-23,"Oosthuizen, Louis",2,34,2,1-100,1-40
Travelers Championship,202134,2021-06-27,"Hickok, Kramer",2,250,0,201-300,241-280
Travelers Championship,202134,2021-06-27,"Watson, Bubba",19,58,0,1-100,41-80
Travelers Championship,202134,2021-06-27,"Day, Jason",10,78,1,1-100,41-80
Travelers Championship,202134,2021-06-27,"Henley, Russell",19,29,1,1-100,1-40
Travelers Championship,202134,2021-06-27,"Smith, Cameron",30,7,1,1-100,1-40
Travelers Championship,202134,2021-06-27,"Garnett, Brice",5,211,2,201-300,201-240
Farmers Insurance Open,20214,2021-01-31,"Ortiz, Carlos",29,133,0,101-200,121-160
Farmers Insurance Open,20214,2021-01-31,"Burns, Sam",18,18,2,1-100,1-40
Farmers Insurance Open,20214,2021-01-31,"Griffin, Lanto",7,119,2,101-200,81-120
Farmers Insurance Open,20214,2021-01-31,"Hovland, Viktor",2,15,2,1-100,1-40
Farmers Insurance Open,20214,2021-01-31,"Rahm, Jon",7,6,2,1-100,1-40
Farmers Insurance Open,20214,2021-01-31,"Scott, Adam",10,32,2,1-100,1-40
Valero Texas Open,202141,2021-04-04,"Wallace, Matt",3,137,0,101-200,121-160
Valero Texas Open,202141,2021-04-04,"Hoffman, Charley",2,203,2,201-300,201-240
Mayakoba Golf Classic presented by UNIFIN,2021457,2020-12-06,"Grillo, Emiliano",8,54,0,1-100,41-80
Mayakoba Golf Classic presented by UNIFIN,2021457,2020-12-06,"Hoge, Tom",3,53,1,1-100,41-80
Safeway Open,2021464,2020-09-13,"Hahn, James",9,145,0,101-200,121-160
Safeway Open,2021464,2020-09-13,"Percy, Cameron",23,206,0,201-300,201-240
Safeway Open,2021464,2020-09-13,"Stuard, Brian",3,255,0,201-300,241-280
Safeway Open,2021464,2020-09-13,"Burns, Sam",7,18,1,1-100,1-40
Safeway Open,2021464,2020-09-13,"Higgs, Harry",2,345,1,301-400,321-360
Safeway Open,2021464,2020-09-13,"Ghim, Doug",14,178,2,101-200,161-200
Safeway Open,2021464,2020-09-13,"Grillo, Emiliano",29,54,2,1-100,41-80
Safeway Open,2021464,2020-09-13,"Knox, Russell",9,114,2,101-200,81-120
Shriners Hospitals for Children Open,202147,2020-10-11,"Cantlay, Patrick",8,2,0,1-100,1-40
Shriners Hospitals for Children Open,202147,2020-10-11,"Clark, Wyndham",13,92,2,1-100,81-120
Shriners Hospitals for Children Open,202147,2020-10-11,"Cook, Austin",2,225,2,201-300,201-240
Shriners Hospitals for Children Open,202147,2020-10-11,"Harman, Brian",13,31,2,1-100,1-40
Shriners Hospitals for Children Open,202147,2020-10-11,"Wolff, Matthew",2,146,2,101-200,121-160
Barracuda Championship,2021472,2021-08-08,"Putnam, Andrew",2,59,0,1-100,41-80
Barracuda Championship,2021472,2021-08-08,"Schenk, Adam",4,141,1,101-200,121-160
World Golf Championships-Workday Championship at The Concession,2021473,2021-02-28,"Horschel, Billy",2,26,2,1-100,1-40
World Golf Championships-Workday Championship at The Concession,2021473,2021-02-28,"Koepka, Brooks",2,64,2,1-100,41-80
Valspar Championship,2021475,2021-05-02,"Bradley, Keegan",2,44,0,1-100,41-80
Valspar Championship,2021475,2021-05-02,"Homa, Max",6,14,1,1-100,1-40
World Golf Championships-FedEx St. Jude Invitational,2021476,2021-08-08,"English, Harris",4,123,0,101-200,121-160
World Golf Championships-FedEx St. Jude Invitational,2021476,2021-08-08,"DeChambeau, Bryson",8,73,2,1-100,41-80
World Golf Championships-FedEx St. Jude Invitational,2021476,2021-08-08,"Smith, Cameron",5,7,2,1-100,1-40
Wells Fargo Championship,2021480,2021-05-09,"Mitchell, Keith",3,35,0,1-100,1-40
Wells Fargo Championship,2021480,2021-05-09,"Woodland, Gary",5,65,2,1-100,41-80
Puerto Rico Open,2021483,2021-02-28,"Murray, Grayson",3,481,0,401-500,441-500
Puerto Rico Open,2021483,2021-02-28,"Percy, Cameron",7,206,1,201-300,201-240
Puerto Rico Open,2021483,2021-02-28,"Ledesma, Nelson",15,406,2,401-500,400-440
Puerto Rico Open,2021483,2021-02-28,"Putnam, Andrew",5,59,2,1-100,41-80
Puerto Rico Open,2021483,2021-02-28,"Wu, Brandon",7,156,2,101-200,121-160
AT&T Pebble Beach Pro-Am,20215,2021-02-14,"Spieth, Jordan",3,20,0,1-100,1-40
AT&T Pebble Beach Pro-Am,20215,2021-02-14,"Cantlay, Patrick",3,2,2,1-100,1-40
AT&T Pebble Beach Pro-Am,20215,2021-02-14,"Hoge, Tom",12,53,2,1-100,41-80
AT&T Pebble Beach Pro-Am,20215,2021-02-14,"Knox, Russell",7,114,2,101-200,81-120
AT&T Pebble Beach Pro-Am,20215,2021-02-14,"Lashley, Nate",5,158,2,101-200,121-160
Barbasol Championship,2021518,2021-07-18,"Poston, J.T.",2,33,0,1-100,1-40
Barbasol Championship,2021518,2021-07-18,"List, Luke",5,129,1,101-200,121-160
Barbasol Championship,2021518,2021-07-18,"Bramlett, Joseph",11,212,2,201-300,201-240
Barbasol Championship,2021518,2021-07-18,"Hahn, James",5,145,2,101-200,121-160
Olympic Men's Golf Competition,2021519,2021-08-01,"Matsuyama, Hideki",4,24,1,1-100,1-40
Olympic Men's Golf Competition,2021519,2021-08-01,"Casey, Paul",4,28,2,1-100,1-40
Olympic Men's Golf Competition,2021519,2021-08-01,"Ortiz, Carlos",42,133,2,101-200,121-160
THE CJ CUP @ SHADOW CREEK,2021521,2020-10-18,"Henley, Russell",3,29,0,1-100,1-40
Corales Puntacana Resort & Club Championship,2021522,2020-09-27,"Long, Adam",5,84,0,1-100,81-120
Rocket Mortgage Classic,2021524,2021-07-04,"Merritt, Troy",2,68,0,1-100,41-80
Rocket Mortgage Classic,2021524,2021-07-04,"Niemann, Joaquin",2,13,0,1-100,1-40
Rocket Mortgage Classic,2021524,2021-07-04,"Lebioda, Hank",4,223,1,201-300,201-240
Rocket Mortgage Classic,2021524,2021-07-04,"Hagy, Brandon",6,451,2,401-500,441-500
3M Open,2021525,2021-07-25,"Tringale, Cameron",16,95,0,1-100,81-120
3M Open,2021525,2021-07-25,"McNealy, Maverick",16,46,1,1-100,41-80
3M Open,2021525,2021-07-25,"Woodland, Gary",11,65,1,1-100,41-80
3M Open,2021525,2021-07-25,"Armour, Ryan",6,216,2,201-300,201-240
3M Open,2021525,2021-07-25,"Perez, Pat",11,99,2,1-100,81-120
3M Open,2021525,2021-07-25,"Reavie, Chez",11,101,2,101-200,81-120
3M Open,2021525,2021-07-25,"Schwartzel, Charl",2,147,2,101-200,121-160
3M Open,2021525,2021-07-25,"Sloan, Roger",16,304,2,301-400,281-320
3M Open,2021525,2021-07-25,"Vegas, Jhonattan",2,90,2,1-100,81-120
3M Open,2021525,2021-07-25,"Walker, Jimmy",11,322,2,301-400,321-360
ZOZO CHAMPIONSHIP @ SHERWOOD,2021527,2020-10-25,"Thomas, Justin",2,11,0,1-100,1-40
ZOZO CHAMPIONSHIP @ SHERWOOD,2021527,2020-10-25,"Rahm, Jon",2,6,1,1-100,1-40
ZOZO CHAMPIONSHIP @ SHERWOOD,2021527,2020-10-25,"Griffin, Lanto",11,119,2,101-200,81-120
Bermuda Championship,2021528,2020-11-01,"Redman, Doc",4,195,0,101-200,161-200
Bermuda Championship,2021528,2020-11-01,"Armour, Ryan",8,216,1,201-300,201-240
Bermuda Championship,2021528,2020-11-01,"Clark, Wyndham",2,92,1,1-100,81-120
Bermuda Championship,2021528,2020-11-01,"Hickok, Kramer",8,250,1,201-300,241-280
Bermuda Championship,2021528,2020-11-01,"Jones, Matt",4,120,2,101-200,81-120
Corales Puntacana Resort & Club Championship #2,2021534,2021-03-28,"Gligic, Michael",4,149,1,101-200,121-160
Corales Puntacana Resort & Club Championship #2,2021534,2021-03-28,"Willett, Danny",8,143,1,101-200,121-160
Corales Puntacana Resort & Club Championship #2,2021534,2021-03-28,"Grillo, Emiliano",6,54,2,1-100,41-80
Corales Puntacana Resort & Club Championship #2,2021534,2021-03-28,"Pieters, Thomas",13,43,2,1-100,41-80
U.S. Open #2,2021535,2021-06-20,"Henley, Russell",13,29,0,1-100,1-40
U.S. Open #2,2021535,2021-06-20,"Hughes, Mackenzie",15,144,0,101-200,121-160
U.S. Open #2,2021535,2021-06-20,"Oosthuizen, Louis",2,34,0,1-100,1-40
U.S. Open #2,2021535,2021-06-20,"DeChambeau, Bryson",26,73,2,1-100,41-80
U.S. Open #2,2021535,2021-06-20,"McIlroy, Rory",7,1,2,1-100,1-40
Palmetto Championship at Congaree,2021538,2021-06-13,"Hadley, Chesson",2,176,0,101-200,161-200
Sanderson Farms Championship,202154,2020-10-04,"Davis, Cameron",6,38,0,1-100,1-40
Sanderson Farms Championship,202154,2020-10-04,"Poston, J.T.",3,33,0,1-100,1-40
Sanderson Farms Championship,202154,2020-10-04,"Snedeker, Brandt",17,280,1,201-300,241-280
Sanderson Farms Championship,202154,2020-10-04,"Bradley, Keegan",4,44,2,1-100,41-80
Sanderson Farms Championship,202154,2020-10-04,"McCarthy, Denny",6,36,2,1-100,1-40
Sanderson Farms Championship,202154,2020-10-04,"Wise, Aaron",17,17,2,1-100,1-40
Sony Open in Hawaii,20216,2021-01-17,"Steele, Brendan",4,69,0,1-100,41-80
Sony Open in Hawaii,20216,2021-01-17,"Niemann, Joaquin",2,13,2,1-100,1-40
TOUR Championship,202160,2021-09-05,"Rahm, Jon",2,6,0,1-100,1-40
TOUR Championship,202160,2021-09-05,"Na, Kevin",3,86,1,1-100,81-120
TOUR Championship,202160,2021-09-05,"Thomas, Justin",4,11,1,1-100,1-40
TOUR Championship,202160,2021-09-05,"Horschel, Billy",9,26,2,1-100,1-40
The Genesis Invitational,20217,2021-02-21,"Burns, Sam",3,18,0,1-100,1-40
The Genesis Invitational,20217,2021-02-21,"Fitzpatrick, Matthew",5,9,2,1-100,1-40
The Genesis Invitational,20217,2021-02-21,"Johnson, Dustin",8,12,2,1-100,1-40
Arnold Palmer Invitational presented by Mastercard,20219,2021-03-07,"Westwood, Lee",2,154,0,101-200,121-160
Arnold Palmer Invitational presented by Mastercard,20219,2021-03-07,"Conners, Corey",3,19,1,1-100,1-40
Arnold Palmer Invitational presented by Mastercard,20219,2021-03-07,"Bradley, Keegan",10,44,2,1-100,41-80
Arnold Palmer Invitational presented by Mastercard,20219,2021-03-07,"Spieth, Jordan",4,20,2,1-100,1-40
The Honda Classic,202210,2022-02-27,"Berger, Daniel",4,30,0,1-100,1-40
The Open Championship,2022100,2022-07-17,"Hovland, Viktor",4,15,0,1-100,1-40
The Open Championship,2022100,2022-07-17,"McIlroy, Rory",3,1,0,1-100,1-40
THE PLAYERS Championship,202211,2022-03-13,"Lahiri, Anirban",2,109,0,101-200,81-120
THE PLAYERS Championship,202211,2022-03-13,"Burns, Sam",26,18,1,1-100,1-40
THE PLAYERS Championship,202211,2022-03-13,"Casey, Paul",3,28,1,1-100,1-40
THE PLAYERS Championship,202211,2022-03-13,"Ghim, Doug",6,178,1,101-200,161-200
THE PLAYERS Championship,202211,2022-03-13,"Munoz, Sebastian",33,41,1,1-100,41-80
THE PLAYERS Championship,202211,2022-03-13,"Hoge, Tom",33,53,2,1-100,41-80
RBC Heritage,202212,2022-04-17,"Varner III, Harold",3,42,0,1-100,41-80
RBC Heritage,202212,2022-04-17,"Cantlay, Patrick",2,2,1,1-100,1-40
RBC Heritage,202212,2022-04-17,"Lowry, Shane",3,16,1,1-100,1-40
RBC Heritage,202212,2022-04-17,"Kuchar, Matt",3,51,2,1-100,41-80
RBC Heritage,202212,2022-04-17,"Straka, Sepp",3,103,2,101-200,81-120
RBC Heritage,202212,2022-04-17,"Swafford, Hudson",35,241,2,201-300,241-280
RBC Heritage,202212,2022-04-17,"Wise, Aaron",21,17,2,1-100,1-40
Wyndham Championship,202213,2022-08-07,"Im, Sungjae",2,10,0,1-100,1-40
Wyndham Championship,202213,2022-08-07,"Huh, John",2,139,1,101-200,121-160
Wyndham Championship,202213,2022-08-07,"Wu, Brandon",8,156,2,101-200,121-160
Sentry Tournament of Champions,202216,2022-01-09,"Rahm, Jon",2,6,0,1-100,1-40
AT&T Byron Nelson,202219,2022-05-15,"Munoz, Sebastian",3,41,0,1-100,41-80
AT&T Byron Nelson,202219,2022-05-15,"Spieth, Jordan",2,20,1,1-100,1-40
AT&T Byron Nelson,202219,2022-05-15,"Niemann, Joaquin",25,13,2,1-100,1-40
The American Express,20222,2022-01-23,"Barjon, Paul",10,443,0,401-500,441-500
The American Express,20222,2022-01-23,"Hodges, Lee",3,116,0,101-200,81-120
The American Express,20222,2022-01-23,"Hoge, Tom",2,53,1,1-100,41-80
The American Express,20222,2022-01-23,"Power, Seamus",14,63,2,1-100,41-80
Hewlett Packard Enterprise Houston Open,202220,2021-11-14,"Scheffler, Scottie",2,3,0,1-100,1-40
Hewlett Packard Enterprise Houston Open,202220,2021-11-14,"Hickok, Kramer",4,250,1,201-300,241-280
Hewlett Packard Enterprise Houston Open,202220,2021-11-14,"Tway, Kevin",2,273,1,201-300,241-280
Hewlett Packard Enterprise Houston Open,202220,2021-11-14,"Vegas, Jhonattan",26,90,1,1-100,81-120
Hewlett Packard Enterprise Houston Open,202220,2021-11-14,"Wolff, Matthew",11,146,1,101-200,121-160
Hewlett Packard Enterprise Houston Open,202220,2021-11-14,"Henley, Russell",7,29,2,1-100,1-40
Hewlett Packard Enterprise Houston Open,202220,2021-11-14,"List, Luke",11,129,2,101-200,121-160
Charles Schwab Challenge,202221,2022-05-29,"Scheffler, Scottie",2,3,0,1-100,1-40
Charles Schwab Challenge,202221,2022-05-29,"Stallings, Scott",4,47,2,1-100,41-80
Charles Schwab Challenge,202221,2022-05-29,"Todd, Brendon",3,94,2,1-100,81-120
U.S. Open,202226,2022-06-19,"Zalatoris, Will",2,8,0,1-100,1-40
U.S. Open,202226,2022-06-19,"Rahm, Jon",12,6,1,1-100,1-40
U.S. Open,202226,2022-06-19,"Bradley, Keegan",7,44,2,1-100,41-80
U.S. Open,202226,2022-06-19,"Hadwin, Adam",7,82,2,1-100,81-120
U.S. Open,202226,2022-06-19,"Scheffler, Scottie",2,3,2,1-100,1-40
FedEx St. Jude Championship,202227,2022-08-14,"Spaun, J.J.",42,87,0,1-100,81-120
FedEx St. Jude Championship,202227,2022-08-14,"Straka, Sepp",2,103,1,101-200,81-120
FedEx St. Jude Championship,202227,2022-08-14,"Mullinax, Trey",5,93,2,1-100,81-120
BMW Championship,202228,2022-08-21,"Schauffele, Xander",3,4,1,1-100,1-40
BMW Championship,202228,2022-08-21,"Stallings, Scott",2,47,1,1-100,41-80
BMW Championship,202228,2022-08-21,"Scheffler, Scottie",3,3,2,1-100,1-40
BMW Championship,202228,2022-08-21,"Scott, Adam",5,32,2,1-100,1-40
WM Phoenix Open,20223,2022-02-13,"Theegala, Sahith",3,62,0,1-100,41-80
WM Phoenix Open,20223,2022-02-13,"Koepka, Brooks",3,64,1,1-100,41-80
WM Phoenix Open,20223,2022-02-13,"Cantlay, Patrick",2,2,2,1-100,1-40
WM Phoenix Open,20223,2022-02-13,"Gooch, Talor",26,25,2,1-100,1-40
WM Phoenix Open,20223,2022-02-13,"Schauffele, Xander",3,4,2,1-100,1-40
RBC Canadian Open,202232,2022-06-12,"Finau, Tony",2,5,0,1-100,1-40
RBC Canadian Open,202232,2022-06-12,"Burns, Sam",4,18,2,1-100,1-40
RBC Canadian Open,202232,2022-06-12,"Clark, Wyndham",7,92,2,1-100,81-120
RBC Canadian Open,202232,2022-06-12,"Smalley, Alex",21,85,2,1-100,81-120
RBC Canadian Open,202232,2022-06-12,"Thomas, Justin",3,11,2,1-100,1-40
PGA Championship,202233,2022-05-22,"Pereira, Mito",3,45,0,1-100,41-80
Travelers Championship,202234,2022-06-26,"Cantlay, Patrick",13,2,1,1-100,1-40
Farmers Insurance Open,20224,2022-01-29,"Day, Jason",3,78,0,1-100,41-80
Farmers Insurance Open,20224,2022-01-29,"Zalatoris, Will",2,8,0,1-100,1-40
Farmers Insurance Open,20224,2022-01-29,"Rahm, Jon",3,6,1,1-100,1-40
Farmers Insurance Open,20224,2022-01-29,"Rai, Aaron",6,97,1,1-100,81-120
Farmers Insurance Open,20224,2022-01-29,"Im, Sungjae",6,10,2,1-100,1-40
Farmers Insurance Open,20224,2022-01-29,"Thomas, Justin",20,11,2,1-100,1-40
Farmers Insurance Open,20224,2022-01-29,"Tringale, Cameron",3,95,2,1-100,81-120
Valero Texas Open,202241,2022-04-03,"Frittelli, Dylan",8,121,0,101-200,121-160
Valero Texas Open,202241,2022-04-03,"Hossler, Beau",4,159,0,101-200,121-160
Valero Texas Open,202241,2022-04-03,"Snedeker, Brandt",18,280,0,201-300,241-280
Valero Texas Open,202241,2022-04-03,"Stallings, Scott",13,47,1,1-100,41-80
Valero Texas Open,202241,2022-04-03,"Kuchar, Matt",2,51,2,1-100,41-80
World Wide Technology Championship at Mayakoba,2022457,2021-11-07,"Gooch, Talor",11,25,2,1-100,1-40
Fortinet Championship,2022464,2021-09-19,"Knous, Jim",11,412,0,401-500,400-440
Fortinet Championship,2022464,2021-09-19,"McNealy, Maverick",2,46,0,1-100,41-80
Fortinet Championship,2022464,2021-09-19,"Hossler, Beau",16,159,2,101-200,121-160
Fortinet Championship,2022464,2021-09-19,"Merritt, Troy",16,68,2,1-100,41-80
Fortinet Championship,2022464,2021-09-19,"Pereira, Mito",3,45,2,1-100,41-80
Fortinet Championship,2022464,2021-09-19,"Stallings, Scott",6,47,2,1-100,41-80
Shriners Children's Open,202247,2021-10-10,"Schenk, Adam",3,141,0,101-200,121-160
Shriners Children's Open,202247,2021-10-10,"Wolff, Matthew",2,146,1,101-200,121-160
Shriners Children's Open,202247,2021-10-10,"Burns, Sam",14,18,2,1-100,1-40
Shriners Children's Open,202247,2021-10-10,"Putnam, Andrew",11,59,2,1-100,41-80
Shriners Children's Open,202247,2021-10-10,"Ramey, Chad",14,222,2,201-300,201-240
Valspar Championship,2022475,2022-03-20,"Riley, Davis",2,55,0,1-100,41-80
Valspar Championship,2022475,2022-03-20,"NeSmith, Matthew",3,115,2,101-200,81-120
Hero World Challenge,2022478,2021-12-05,"Morikawa, Collin",5,23,0,1-100,1-40
Wells Fargo Championship,2022480,2022-05-08,"Bradley, Keegan",2,44,0,1-100,41-80
AT&T Pebble Beach Pro-Am,20225,2022-02-06,"Hossler, Beau",3,159,0,101-200,121-160
AT&T Pebble Beach Pro-Am,20225,2022-02-06,"Putnam, Andrew",6,59,0,1-100,41-80
AT&T Pebble Beach Pro-Am,20225,2022-02-06,"Cantlay, Patrick",4,2,1,1-100,1-40
AT&T Pebble Beach Pro-Am,20225,2022-02-06,"Dahmen, Joel",6,172,1,101-200,161-200
AT&T Pebble Beach Pro-Am,20225,2022-02-06,"Spieth, Jordan",2,20,1,1-100,1-40
AT&T Pebble Beach Pro-Am,20225,2022-02-06,"Power, Seamus",9,63,2,1-100,41-80
Barbasol Championship,2022518,2022-07-10,"Long, Hurly",4,171,0,101-200,161-200
Barbasol Championship,2022518,2022-07-10,"Streelman, Kevin",2,96,1,1-100,81-120
Barbasol Championship,2022518,2022-07-10,"O'Hair, Sean",8,256,2,201-300,241-280
Barbasol Championship,2022518,2022-07-10,"Svensson, Adam",6,117,2,101-200,81-120
THE CJ CUP @ SUMMIT,2022521,2021-10-17,"Fowler, Rickie",3,166,0,101-200,161-200
Corales Puntacana Championship,2022522,2022-03-27,"Martin, Ben",2,243,0,201-300,241-280
Rocket Mortgage Classic,2022524,2022-07-31,"Pendrith, Taylor",2,37,0,1-100,1-40
3M Open,2022525,2022-07-24,"Piercy, Scott",4,196,0,101-200,161-200
ZOZO CHAMPIONSHIP,2022527,2021-10-24,"Tringale, Cameron",2,95,1,1-100,81-120
Butterfield Bermuda Championship,2022528,2021-10-31,"Pendrith, Taylor",5,37,0,1-100,1-40
Sanderson Farms Championship,202254,2021-10-03,"Theegala, Sahith",8,62,0,1-100,41-80
Sanderson Farms Championship,202254,2021-10-03,"McCarthy, Denny",17,36,1,1-100,1-40
Sanderson Farms Championship,202254,2021-10-03,"Tringale, Cameron",11,95,1,1-100,81-120
Sanderson Farms Championship,202254,2021-10-03,"Young, Cameron",2,21,1,1-100,1-40
Sanderson Farms Championship,202254,2021-10-03,"Mullinax, Trey",4,93,2,1-100,81-120
Sanderson Farms Championship,202254,2021-10-03,"Reeves, Seth",8,408,2,401-500,400-440
Mexico Open at Vidanta,2022540,2022-05-01,"Champ, Cameron",6,170,2,101-200,161-200
Mexico Open at Vidanta,2022540,2022-05-01,"Kitayama, Kurt",2,108,2,101-200,81-120
Genesis Scottish Open,2022541,2022-07-10,"Cabrera Bello, Rafa",36,350,2,301-400,321-360
Sony Open in Hawaii,20226,2022-01-16,"Henley, Russell",2,29,0,1-100,1-40
TOUR Championship,202260,2022-08-28,"Scheffler, Scottie",2,3,0,1-100,1-40
TOUR Championship,202260,2022-08-28,"Hoge, Tom",10,53,1,1-100,41-80
TOUR Championship,202260,2022-08-28,"Im, Sungjae",2,10,1,1-100,1-40
TOUR Championship,202260,2022-08-28,"Thomas, Justin",5,11,1,1-100,1-40
TOUR Championship,202260,2022-08-28,"Wise, Aaron",13,17,1,1-100,1-40
TOUR Championship,202260,2022-08-28,"Homa, Max",5,14,2,1-100,1-40
TOUR Championship,202260,2022-08-28,"Matsuyama, Hideki",11,24,2,1-100,1-40
TOUR Championship,202260,2022-08-28,"Schauffele, Xander",4,4,2,1-100,1-40
Arnold Palmer Invitational presented by Mastercard,20229,2022-03-06,"Gooch, Talor",7,25,0,1-100,1-40
Arnold Palmer Invitational presented by Mastercard,20229,2022-03-06,"Horschel, Billy",2,26,0,1-100,1-40
Arnold Palmer Invitational presented by Mastercard,20229,2022-03-06,"Hovland, Viktor",2,15,1,1-100,1-40
