am,country,datagolf_rank,dg_id,dg_skill_estimate,owgr_rank,player_name,primary_tour,last_updated,notes
0,NIR,1,10091,2.37664595075096,3,"McIlroy, Rory",PGA,2022-08-29 14:19:48 UTC,anyone ranked outside top 500 in OWGR appear as 501
0,USA,2,15466,2.0182734598922,4,"Cantlay, Patrick",PGA,2022-08-29 14:19:48 UTC,anyone ranked outside top 500 in OWGR appear as 501
0,USA,3,18417,1.9967328608198704,1,"Scheffler, Scottie",PGA,2022-08-29 14:19:48 UTC,anyone ranked outside top 500 in OWGR appear as 501
0,USA,4,19895,1.99066742735201,5,"Schauffele, Xander",PGA,2022-08-29 14:19:48 UTC,anyone ranked outside top 500 in OWGR appear as 501
0,USA,5,11676,1.9106881179481203,14,"Finau, Tony",PGA,2022-08-29 14:19:48 UTC,anyone ranked outside top 500 in OWGR appear as 501
0,ESP,6,19195,1.84780082260758,6,"Rahm, Jon",PGA,2022-08-29 14:19:48 UTC,anyone ranked outside top 500 in OWGR appear as 501
0,AUS,7,15856,1.82032375078918,2,"Smith, Cameron",PGA,2022-08-29 14:19:48 UTC,anyone ranked outside top 500 in OWGR appear as 501
0,USA,8,19428,1.7053482418296102,9,"Zalatoris, Will",PGA,2022-08-29 14:19:48 UTC,anyone ranked outside top 500 in OWGR appear as 501
0,ENG,9,17646,1.70452037754778,10,"Fitzpatrick, Matthew",PGA,2022-08-29 14:19:48 UTC,anyone ranked outside top 500 in OWGR appear as 501
0,KOR,10,17488,1.69520611119333,18,"Im, Sungjae",PGA,2022-08-29 14:19:48 UTC,anyone ranked outside top 500 in OWGR appear as 501
0,USA,11,14139,1.6858570329249298,7,"Thomas, Justin",PGA,2022-08-29 14:19:48 UTC,anyone ranked outside top 500 in OWGR appear as 501
0,USA,12,12422,1.57917041009662,22,"Johnson, Dustin",PGA,2022-08-29 14:19:48 UTC,anyone ranked outside top 500 in OWGR appear as 501
0,CHI,13,18079,1.42059457754451,19,"Niemann, Joaquin",PGA,2022-08-29 14:19:48 UTC,anyone ranked outside top 500 in OWGR appear as 501
0,USA,14,17538,1.4146072648110903,20,"Homa, Max",PGA,2022-08-29 14:19:48 UTC,anyone ranked outside top 500 in OWGR appear as 501
0,NOR,15,18841,1.36480230427751,11,"Hovland, Viktor",PGA,2022-08-29 14:19:48 UTC,anyone ranked outside top 500 in OWGR appear as 501
0,IRL,16,13900,1.35058942045656,23,"Lowry, Shane",PGA,2022-08-29 14:19:48 UTC,anyone ranked outside top 500 in OWGR appear as 501
0,USA,17,22051,1.33375785937143,40,"Wise, Aaron",PGA,2022-08-29 14:19:48 UTC,anyone ranked outside top 500 in OWGR appear as 501
0,USA,18,19483,1.3061970098487,12,"Burns, Sam",PGA,2022-08-29 14:19:48 UTC,anyone ranked outside top 500 in OWGR appear as 501
0,CAN,19,17576,1.30378280666089,25,"Conners, Corey",PGA,2022-08-29 14:19:48 UTC,anyone ranked outside top 500 in OWGR appear as 501
0,USA,20,14636,1.2716865522776102,13,"Spieth, Jordan",PGA,2022-08-29 14:19:48 UTC,anyone ranked outside top 500 in OWGR appear as 501
0,USA,21,26651,1.26570368335604,17,"Young, Cameron",PGA,2022-08-29 14:19:48 UTC,anyone ranked outside top 500 in OWGR appear as 501
0,ENG,22,12294,1.25614132281543,29,"Fleetwood, Tommy",PGA,2022-08-29 14:19:48 UTC,anyone ranked outside top 500 in OWGR appear as 501
0,USA,23,22085,1.24790796795294,8,"Morikawa, Collin",PGA,2022-08-29 14:19:48 UTC,anyone ranked outside top 500 in OWGR appear as 501
0,JPN,24,13562,1.23804715802122,16,"Matsuyama, Hideki",PGA,2022-08-29 14:19:48 UTC,anyone ranked outside top 500 in OWGR appear as 501
0,USA,25,18580,1.10754472227225,45,"Gooch, Talor",PGA,2022-08-29 14:19:48 UTC,anyone ranked outside top 500 in OWGR appear as 501
0,USA,26,11276,1.08910394729276,15,"Horschel, Billy",PGA,2022-08-29 14:19:48 UTC,anyone ranked outside top 500 in OWGR appear as 501
0,ENG,27,14796,1.07875503866272,27,"Hatton, Tyrrell",PGA,2022-08-29 14:19:48 UTC,anyone ranked outside top 500 in OWGR appear as 501
0,ENG,28,7108,1.07364619916644,33,"Casey, Paul",PGA,2022-08-29 14:19:48 UTC,anyone ranked outside top 500 in OWGR appear as 501
0,USA,29,14578,1.0589320219391,51,"Henley, Russell",PGA,2022-08-29 14:19:48 UTC,anyone ranked outside top 500 in OWGR appear as 501
0,USA,30,17606,1.04343971726882,32,"Berger, Daniel",PGA,2022-08-29 14:19:48 UTC,anyone ranked outside top 500 in OWGR appear as 501
0,USA,31,8825,0.99046517521642,35,"Harman, Brian",PGA,2022-08-29 14:19:48 UTC,anyone ranked outside top 500 in OWGR appear as 501
0,AUS,32,6430,0.983838280860244,30,"Scott, Adam",PGA,2022-08-29 14:19:48 UTC,anyone ranked outside top 500 in OWGR appear as 501
0,USA,33,21554,0.97878552939113,53,"Poston, J.T.",PGA,2022-08-29 14:19:48 UTC,anyone ranked outside top 500 in OWGR appear as 501
0,RSA,34,7672,0.972563423137345,31,"Oosthuizen, Louis",PGA,2022-08-29 14:19:48 UTC,anyone ranked outside top 500 in OWGR appear as 501
0,USA,35,17365,0.940481661135938,57,"Mitchell, Keith",PGA,2022-08-29 14:19:48 UTC,anyone ranked outside top 500 in OWGR appear as 501
0,USA,36,19870,0.926678408573264,77,"McCarthy, Denny",PGA,2022-08-29 14:19:48 UTC,anyone ranked outside top 500 in OWGR appear as 501
0,CAN,37,17780,0.9111832034028872,116,"Pendrith, Taylor",PGA,2022-08-29 14:19:48 UTC,anyone ranked outside top 500 in OWGR appear as 501
0,AUS,38,17786,0.8836530200531619,66,"Davis, Cameron",PGA,2022-08-29 14:19:48 UTC,anyone ranked outside top 500 in OWGR appear as 501
0,SWE,39,10419,0.8527734650937919,54,"Noren, Alex",PGA,2022-08-29 14:19:48 UTC,anyone ranked outside top 500 in OWGR appear as 501
0,KOR,40,24766,0.8521660579359249,21,"Kim, Joohyung",PGA,2022-08-29 14:19:48 UTC,anyone ranked outside top 500 in OWGR appear as 501
0,COL,41,20770,0.818930549368658,65,"Munoz, Sebastian",PGA,2022-08-29 14:19:48 UTC,anyone ranked outside top 500 in OWGR appear as 501
0,USA,42,16602,0.79805266097674,46,"Varner III, Harold",PGA,2022-08-29 14:19:48 UTC,anyone ranked outside top 500 in OWGR appear as 501
0,BEL,43,13944,0.7978551246914591,36,"Pieters, Thomas",EURO,2022-08-29 14:19:48 UTC,anyone ranked outside top 500 in OWGR appear as 501
0,USA,44,13872,0.793362484482352,48,"Bradley, Keegan",PGA,2022-08-29 14:19:48 UTC,anyone ranked outside top 500 in OWGR appear as 501
0,CHI,45,19455,0.7831137761923991,49,"Pereira, Mito",PGA,2022-08-29 14:19:48 UTC,anyone ranked outside top 500 in OWGR appear as 501
0,USA,46,18634,0.754376422536317,72,"McNealy, Maverick",PGA,2022-08-29 14:19:48 UTC,anyone ranked outside top 500 in OWGR appear as 501
0,USA,47,12359,0.7529413922208861,59,"Stallings, Scott",PGA,2022-08-29 14:19:48 UTC,anyone ranked outside top 500 in OWGR appear as 501
0,RSA,48,18103,0.7061343705791341,64,"Bezuidenhout, Christiaan",PGA,2022-08-29 14:19:48 UTC,anyone ranked outside top 500 in OWGR appear as 501
0,KOR,49,13497,0.7024097800673321,41,"Lee, Kyounghoon",PGA,2022-08-29 14:19:48 UTC,anyone ranked outside top 500 in OWGR appear as 501
0,MEX,50,18238,0.699055120042865,24,"Ancer, Abraham",PGA,2022-08-29 14:19:48 UTC,anyone ranked outside top 500 in OWGR appear as 501
0,USA,51,6169,0.6781480191368491,76,"Kuchar, Matt",PGA,2022-08-29 14:19:48 UTC,anyone ranked outside top 500 in OWGR appear as 501
0,USA,52,14838,0.673936185389189,50,"Reed, Patrick",PGA,2022-08-29 14:19:48 UTC,anyone ranked outside top 500 in OWGR appear as 501
0,USA,53,15575,0.666242153524722,44,"Hoge, Tom",PGA,2022-08-29 14:19:48 UTC,anyone ranked outside top 500 in OWGR appear as 501
0,ARG,54,12808,0.649985338803643,96,"Grillo, Emiliano",PGA,2022-08-29 14:19:48 UTC,anyone ranked outside top 500 in OWGR appear as 501
0,USA,55,19872,0.637707547071227,71,"Riley, Davis",PGA,2022-08-29 14:19:48 UTC,anyone ranked outside top 500 in OWGR appear as 501
0,ESP,56,5689,0.634426841141499,74,"Garcia, Sergio",PGA,2022-08-29 14:19:48 UTC,anyone ranked outside top 500 in OWGR appear as 501
0,USA,57,25442,0.607619646953838,135,"Montgomery, Taylor",KFT,2022-08-29 14:19:48 UTC,anyone ranked outside top 500 in OWGR appear as 501
0,USA,58,7334,0.6012352968180771,99,"Watson, Bubba",PGA,2022-08-29 14:19:48 UTC,anyone ranked outside top 500 in OWGR appear as 501
0,USA,59,14704,0.593152336504832,118,"Putnam, Andrew",PGA,2022-08-29 14:19:48 UTC,anyone ranked outside top 500 in OWGR appear as 501
0,USA,60,12423,0.590759249206025,63,"Kirk, Chris",PGA,2022-08-29 14:19:48 UTC,anyone ranked outside top 500 in OWGR appear as 501
0,RSA,61,11952,0.5817635651873311,145,"Grace, Branden",PGA,2022-08-29 14:19:48 UTC,anyone ranked outside top 500 in OWGR appear as 501
0,USA,62,23014,0.5812047786349929,58,"Theegala, Sahith",PGA,2022-08-29 14:19:48 UTC,anyone ranked outside top 500 in OWGR appear as 501
0,IRL,63,10104,0.5577093864474201,42,"Power, Seamus",PGA,2022-08-29 14:19:48 UTC,anyone ranked outside top 500 in OWGR appear as 501
0,USA,64,16243,0.557512675009552,26,"Koepka, Brooks",PGA,2022-08-29 14:19:48 UTC,anyone ranked outside top 500 in OWGR appear as 501
0,USA,65,12577,0.555719125548326,83,"Woodland, Gary",PGA,2022-08-29 14:19:48 UTC,anyone ranked outside top 500 in OWGR appear as 501
0,USA,66,12337,0.552497905271855,38,"Kokrak, Jason",PGA,2022-08-29 14:19:48 UTC,anyone ranked outside top 500 in OWGR appear as 501
0,NZL,67,11889,0.544620559003151,47,"Fox, Ryan",EURO,2022-08-29 14:19:48 UTC,anyone ranked outside top 500 in OWGR appear as 501
0,USA,68,13367,0.541905409939668,94,"Merritt, Troy",PGA,2022-08-29 14:19:48 UTC,anyone ranked outside top 500 in OWGR appear as 501
0,USA,69,11019,0.536030461364855,103,"Steele, Brendan",PGA,2022-08-29 14:19:48 UTC,anyone ranked outside top 500 in OWGR appear as 501
0,USA,70,11328,0.524520384099145,28,"Kisner, Kevin",PGA,2022-08-29 14:19:48 UTC,anyone ranked outside top 500 in OWGR appear as 501
0,AUS,71,7649,0.5238176920407299,62,"Leishman, Marc",PGA,2022-08-29 14:19:48 UTC,anyone ranked outside top 500 in OWGR appear as 501
0,AUS,72,17064,0.5233406560828611,52,"Herbert, Lucas",PGA,2022-08-29 14:19:48 UTC,anyone ranked outside top 500 in OWGR appear as 501
0,USA,73,19841,0.50579732795653,37,"DeChambeau, Bryson",PGA,2022-08-29 14:19:48 UTC,anyone ranked outside top 500 in OWGR appear as 501
0,POL,74,14196,0.505560768524652,61,"Meronk, Adrian",EURO,2022-08-29 14:19:48 UTC,anyone ranked outside top 500 in OWGR appear as 501
0,ENG,75,6093,0.505068141530323,56,"Rose, Justin",PGA,2022-08-29 14:19:48 UTC,anyone ranked outside top 500 in OWGR appear as 501
0,USA,76,16333,0.505015190221646,194,"Hubbard, Mark",PGA,2022-08-29 14:19:48 UTC,anyone ranked outside top 500 in OWGR appear as 501
0,USA,77,6892,0.504983237014479,197,"Howell III, Charles",PGA,2022-08-29 14:19:48 UTC,anyone ranked outside top 500 in OWGR appear as 501
0,AUS,78,9771,0.4968722887747059,154,"Day, Jason",PGA,2022-08-29 14:19:48 UTC,anyone ranked outside top 500 in OWGR appear as 501
0,KOR,79,14609,0.480125598889616,75,"Kim, Si Woo",PGA,2022-08-29 14:19:48 UTC,anyone ranked outside top 500 in OWGR appear as 501
0,ENG,80,18586,0.4754276322516509,121,"Smith, Jordan",EURO,2022-08-29 14:19:48 UTC,anyone ranked outside top 500 in OWGR appear as 501
0,RSA,81,14424,0.462049129914807,69,"Burmester, Dean",EURO,2022-08-29 14:19:48 UTC,anyone ranked outside top 500 in OWGR appear as 501
0,CAN,82,13965,0.435083816175275,80,"Hadwin, Adam",PGA,2022-08-29 14:19:48 UTC,anyone ranked outside top 500 in OWGR appear as 501
0,USA,83,21944,0.4349084879431789,123,"Moore, Taylor",KFT,2022-08-29 14:19:48 UTC,anyone ranked outside top 500 in OWGR appear as 501
0,USA,84,15473,0.431966129799169,213,"Long, Adam",PGA,2022-08-29 14:19:48 UTC,anyone ranked outside top 500 in OWGR appear as 501
0,USA,85,18474,0.41845084878974,133,"Smalley, Alex",PGA,2022-08-29 14:19:48 UTC,anyone ranked outside top 500 in OWGR appear as 501
0,USA,86,7452,0.401376421312895,34,"Na, Kevin",PGA,2022-08-29 14:19:48 UTC,anyone ranked outside top 500 in OWGR appear as 501
0,USA,87,17536,0.40128321224646,89,"Spaun, J.J.",PGA,2022-08-29 14:19:48 UTC,anyone ranked outside top 500 in OWGR appear as 501
0,USA,88,11049,0.400662586421899,84,"Simpson, Webb",PGA,2022-08-29 14:19:48 UTC,anyone ranked outside top 500 in OWGR appear as 501
0,USA,89,16283,0.3983232914847759,227,"Rodgers, Patrick",PGA,2022-08-29 14:19:48 UTC,anyone ranked outside top 500 in OWGR appear as 501
0,VEN,90,13508,0.39809350627233,113,"Vegas, Jhonattan",PGA,2022-08-29 14:19:48 UTC,anyone ranked outside top 500 in OWGR appear as 501
0,SCO,91,9586,0.386415355993392,189,"Laird, Martin",PGA,2022-08-29 14:19:48 UTC,anyone ranked outside top 500 in OWGR appear as 501
0,USA,92,23604,0.376250752537535,186,"Clark, Wyndham",PGA,2022-08-29 14:19:48 UTC,anyone ranked outside top 500 in OWGR appear as 501
0,USA,93,18761,0.3723765229396649,122,"Mullinax, Trey",KFT,2022-08-29 14:19:48 UTC,anyone ranked outside top 500 in OWGR appear as 501
0,USA,94,12425,0.367603624502977,127,"Todd, Brendon",PGA,2022-08-29 14:19:48 UTC,anyone ranked outside top 500 in OWGR appear as 501
0,USA,95,14013,0.353050978746358,55,"Tringale, Cameron",PGA,2022-08-29 14:19:48 UTC,anyone ranked outside top 500 in OWGR appear as 501
0,USA,96,8480,0.349643590885528,117,"Streelman, Kevin",PGA,2022-08-29 14:19:48 UTC,anyone ranked outside top 500 in OWGR appear as 501
0,ENG,97,18554,0.345952545242251,161,"Rai, Aaron",PGA,2022-08-29 14:19:48 UTC,anyone ranked outside top 500 in OWGR appear as 501
0,GER,98,16394,0.344154985302177,151,"Jaeger, Stephan",PGA,2022-08-29 14:19:48 UTC,anyone ranked outside top 500 in OWGR appear as 501
0,USA,99,6762,0.342524645433608,196,"Perez, Pat",PGA,2022-08-29 14:19:48 UTC,anyone ranked outside top 500 in OWGR appear as 501
0,USA,100,15980,0.337815255696593,198,"Lipsky, David",PGA,2022-08-29 14:19:48 UTC,anyone ranked outside top 500 in OWGR appear as 501
0,USA,101,7961,0.3242438305200469,120,"Reavie, Chez",PGA,2022-08-29 14:19:48 UTC,anyone ranked outside top 500 in OWGR appear as 501
0,USA,102,22050,0.3098775451948259,230,"Suh, Justin",KFT,2022-08-29 14:19:48 UTC,anyone ranked outside top 500 in OWGR appear as 501
0,AUT,103,17511,0.308462185976979,39,"Straka, Sepp",PGA,2022-08-29 14:19:48 UTC,anyone ranked outside top 500 in OWGR appear as 501
0,SWE,104,5994,0.305818609486077,179,"Stenson, Henrik",PGA,2022-08-29 14:19:48 UTC,anyone ranked outside top 500 in OWGR appear as 501
0,USA,105,7820,0.295806160709583,108,"Palmer, Ryan",PGA,2022-08-29 14:19:48 UTC,anyone ranked outside top 500 in OWGR appear as 501
0,BEL,106,14181,0.294999376275253,141,"Detry, Thomas",EURO,2022-08-29 14:19:48 UTC,anyone ranked outside top 500 in OWGR appear as 501
0,RSA,107,18105,0.290841975136406,87,"Lawrence, Thriston",EURO,2022-08-29 14:19:48 UTC,anyone ranked outside top 500 in OWGR appear as 501
0,USA,108,21891,0.283850946756182,60,"Kitayama, Kurt",PGA,2022-08-29 14:19:48 UTC,anyone ranked outside top 500 in OWGR appear as 501
0,IND,109,12669,0.272298680302567,92,"Lahiri, Anirban",PGA,2022-08-29 14:19:48 UTC,anyone ranked outside top 500 in OWGR appear as 501
0,ENG,110,20519,0.271455439031807,273,"Tarren, Callum",KFT,2022-08-29 14:19:48 UTC,anyone ranked outside top 500 in OWGR appear as 501
0,ENG,111,19866,0.258545089473297,95,"Horsfield, Sam",EURO,2022-08-29 14:19:48 UTC,anyone ranked outside top 500 in OWGR appear as 501
0,ESP,112,23236,0.2441065164013049,67,"Arnaus, Adri",EURO,2022-08-29 14:19:48 UTC,anyone ranked outside top 500 in OWGR appear as 501
0,USA,113,4818,0.237051004766177,501,"Stricker, Steve",CHAMP,2022-08-29 14:19:48 UTC,anyone ranked outside top 500 in OWGR appear as 501
0,SCO,114,13831,0.23332808846004,191,"Knox, Russell",PGA,2022-08-29 14:19:48 UTC,anyone ranked outside top 500 in OWGR appear as 501
0,USA,115,16433,0.219533913928034,167,"NeSmith, Matthew",PGA,2022-08-29 14:19:48 UTC,anyone ranked outside top 500 in OWGR appear as 501
0,USA,116,25157,0.213294119364185,214,"Hodges, Lee",PGA,2022-08-29 14:19:48 UTC,anyone ranked outside top 500 in OWGR appear as 501
0,CAN,117,13997,0.204654671760602,155,"Svensson, Adam",PGA,2022-08-29 14:19:48 UTC,anyone ranked outside top 500 in OWGR appear as 501
0,USA,118,19865,0.1969607154802329,233,"Hardy, Nick",KFT,2022-08-29 14:19:48 UTC,anyone ranked outside top 500 in OWGR appear as 501
0,USA,119,15330,0.195657746295606,137,"Griffin, Lanto",PGA,2022-08-29 14:19:48 UTC,anyone ranked outside top 500 in OWGR appear as 501
0,AUS,120,8605,0.183351606569089,82,"Jones, Matt",PGA,2022-08-29 14:19:48 UTC,anyone ranked outside top 500 in OWGR appear as 501
0,RSA,121,11955,0.174360994433963,160,"Frittelli, Dylan",PGA,2022-08-29 14:19:48 UTC,anyone ranked outside top 500 in OWGR appear as 501
0,USA,122,12946,0.1689556792247999,232,"Thompson, Michael",PGA,2022-08-29 14:19:48 UTC,anyone ranked outside top 500 in OWGR appear as 501
0,USA,123,14577,0.158216324974344,43,"English, Harris",PGA,2022-08-29 14:19:48 UTC,anyone ranked outside top 500 in OWGR appear as 501
0,FIN,124,9252,0.157361372124893,226,"Korhonen, Mikko",EURO,2022-08-29 14:19:48 UTC,anyone ranked outside top 500 in OWGR appear as 501
0,USA,125,17723,0.1519417942363209,337,"Lower, Justin",KFT,2022-08-29 14:19:48 UTC,anyone ranked outside top 500 in OWGR appear as 501
0,ENG,126,1435,0.149368777844161,111,"Poulter, Ian",PGA,2022-08-29 14:19:48 UTC,anyone ranked outside top 500 in OWGR appear as 501
0,ITA,127,7655,0.147767863814869,162,"Molinari, Francesco",PGA,2022-08-29 14:19:48 UTC,anyone ranked outside top 500 in OWGR appear as 501
0,RSA,128,17068,0.142268006877091,169,"Daffue, MJ",KFT,2022-08-29 14:19:48 UTC,anyone ranked outside top 500 in OWGR appear as 501
0,USA,129,7960,0.1418763394151919,73,"List, Luke",PGA,2022-08-29 14:19:48 UTC,anyone ranked outside top 500 in OWGR appear as 501
0,USA,130,18187,0.141543167788101,368,"Duncan, Tyler",PGA,2022-08-29 14:19:48 UTC,anyone ranked outside top 500 in OWGR appear as 501
0,SWE,131,14775,0.140795256640031,170,"Bjork, Alexander",EURO,2022-08-29 14:19:48 UTC,anyone ranked outside top 500 in OWGR appear as 501
0,RSA,132,17550,0.127090785554324,86,"Van Rooyen, Erik",PGA,2022-08-29 14:19:48 UTC,anyone ranked outside top 500 in OWGR appear as 501
0,MEX,133,14735,0.121550130803535,146,"Ortiz, Carlos",PGA,2022-08-29 14:19:48 UTC,anyone ranked outside top 500 in OWGR appear as 501
0,USA,134,17543,0.1133627937077309,376,"Kim, Michael",KFT,2022-08-29 14:19:48 UTC,anyone ranked outside top 500 in OWGR appear as 501
0,ESP,135,14975,0.110344115770708,159,"Otaegui, Adrian",EURO,2022-08-29 14:19:48 UTC,anyone ranked outside top 500 in OWGR appear as 501
0,SCO,136,23323,0.101607396889281,113,"Macintyre, Robert",EURO,2022-08-29 14:19:48 UTC,anyone ranked outside top 500 in OWGR appear as 501
0,ENG,137,20706,0.0861885420090545,138,"Wallace, Matt",PGA,2022-08-29 14:19:48 UTC,anyone ranked outside top 500 in OWGR appear as 501
0,ENG,138,18244,0.0815203231218691,148,"Shinkwin, Callum",EURO,2022-08-29 14:19:48 UTC,anyone ranked outside top 500 in OWGR appear as 501
0,USA,139,14606,0.0775449293696003,150,"Huh, John",PGA,2022-08-29 14:19:48 UTC,anyone ranked outside top 500 in OWGR appear as 501
0,USA,140,25908,0.0754697415953028,268,"Whaley, Vincent",PGA,2022-08-29 14:19:48 UTC,anyone ranked outside top 500 in OWGR appear as 501
0,USA,141,19477,0.069976590648462,173,"Schenk, Adam",PGA,2022-08-29 14:19:48 UTC,anyone ranked outside top 500 in OWGR appear as 501
0,CHN,142,17266,0.0641275952501229,112,"Yuan, Yechun",KFT,2022-08-29 14:19:48 UTC,anyone ranked outside top 500 in OWGR appear as 501
0,ENG,143,12920,0.0504130821365576,144,"Willett, Danny",PGA,2022-08-29 14:19:48 UTC,anyone ranked outside top 500 in OWGR appear as 501
0,CAN,144,15556,0.0502224960413788,78,"Hughes, Mackenzie",PGA,2022-08-29 14:19:48 UTC,anyone ranked outside top 500 in OWGR appear as 501
0,USA,145,11374,0.0476255095883793,261,"Hahn, James",PGA,2022-08-29 14:19:48 UTC,anyone ranked outside top 500 in OWGR appear as 501
0,USA,146,25919,0.0445906258830178,100,"Wolff, Matthew",PGA,2022-08-29 14:19:48 UTC,anyone ranked outside top 500 in OWGR appear as 501
0,RSA,147,7398,0.0409756316296053,126,"Schwartzel, Charl",PGA,2022-08-29 14:19:48 UTC,anyone ranked outside top 500 in OWGR appear as 501
0,PAR,148,9842,0.0338817360693449,247,"Zanotti, Fabrizio",EURO,2022-08-29 14:19:48 UTC,anyone ranked outside top 500 in OWGR appear as 501
0,CAN,149,13404,0.0288153607945924,372,"Gligic, Michael",PGA,2022-08-29 14:19:48 UTC,anyone ranked outside top 500 in OWGR appear as 501
0,USA,150,7399,0.0207361500324987,85,"Glover, Lucas",PGA,2022-08-29 14:19:48 UTC,anyone ranked outside top 500 in OWGR appear as 501
0,RSA,151,10886,0.0201081673930825,131,"Harding, Justin",EURO,2022-08-29 14:19:48 UTC,anyone ranked outside top 500 in OWGR appear as 501
0,USA,152,16715,0.019613960821086,274,"Ryder, Sam",PGA,2022-08-29 14:19:48 UTC,anyone ranked outside top 500 in OWGR appear as 501
0,USA,153,14926,0.0119409766400093,297,"Malnati, Peter",PGA,2022-08-29 14:19:48 UTC,anyone ranked outside top 500 in OWGR appear as 501
0,ENG,154,4052,0.0063002512224558,102,"Westwood, Lee",PGA,2022-08-29 14:19:48 UTC,anyone ranked outside top 500 in OWGR appear as 501
0,USA,155,5665,0.0037035688488943,106,"Cink, Stewart",PGA,2022-08-29 14:19:48 UTC,anyone ranked outside top 500 in OWGR appear as 501
0,USA,156,25213,-0.0009072309205399,201,"Wu, Brandon",PGA,2022-08-29 14:19:48 UTC,anyone ranked outside top 500 in OWGR appear as 501
0,TPE,157,15475,-0.0061686836871356,164,"Pan, C.T.",PGA,2022-08-29 14:19:48 UTC,anyone ranked outside top 500 in OWGR appear as 501
0,USA,158,10943,-0.009229295894202,311,"Lashley, Nate",PGA,2022-08-29 14:19:48 UTC,anyone ranked outside top 500 in OWGR appear as 501
0,USA,159,15470,-0.01166538062093,180,"Hossler, Beau",PGA,2022-08-29 14:19:48 UTC,anyone ranked outside top 500 in OWGR appear as 501
0,USA,160,23482,-0.0160414018291927,216,"Sigg, Greyson",PGA,2022-08-29 14:19:48 UTC,anyone ranked outside top 500 in OWGR appear as 501
0,FRA,161,16652,-0.0188067434657475,257,"Langasque, Romain",EURO,2022-08-29 14:19:48 UTC,anyone ranked outside top 500 in OWGR appear as 501
0,USA,162,18635,-0.0202083963253637,235,"Shelton, Robby",PGA,2022-08-29 14:19:48 UTC,anyone ranked outside top 500 in OWGR appear as 501
0,USA,163,6986,-0.0286458475707045,327,"Johnson, Zach",PGA,2022-08-29 14:19:48 UTC,anyone ranked outside top 500 in OWGR appear as 501
0,USA,164,25363,-0.0345661078593641,228,"Buckley, Hayden",PGA,2022-08-29 14:19:48 UTC,anyone ranked outside top 500 in OWGR appear as 501
0,ENG,165,24185,-0.0396952874266966,220,"Mansell, Richard",EURO,2022-08-29 14:19:48 UTC,anyone ranked outside top 500 in OWGR appear as 501
0,USA,166,12965,-0.0551086217614439,176,"Fowler, Rickie",PGA,2022-08-29 14:19:48 UTC,anyone ranked outside top 500 in OWGR appear as 501
0,FRA,167,20730,-0.0572862464951904,105,"Perez, Victor",EURO,2022-08-29 14:19:48 UTC,anyone ranked outside top 500 in OWGR appear as 501
0,CHN,168,16757,-0.0588753679931974,190,"Zecheng, Marty Dou",KFT,2022-08-29 14:19:48 UTC,anyone ranked outside top 500 in OWGR appear as 501
0,USA,169,27774,-0.0639671184838318,442,"Gotterup, Chris",AM,2022-08-29 14:19:48 UTC,anyone ranked outside top 500 in OWGR appear as 501
0,USA,170,23542,-0.0680466362456318,129,"Champ, Cameron",PGA,2022-08-29 14:19:48 UTC,anyone ranked outside top 500 in OWGR appear as 501
0,GER,171,25138,-0.070071573944881,183,"Long, Hurly",CHA,2022-08-29 14:19:48 UTC,anyone ranked outside top 500 in OWGR appear as 501
0,USA,172,14509,-0.0704794334641416,128,"Dahmen, Joel",PGA,2022-08-29 14:19:48 UTC,anyone ranked outside top 500 in OWGR appear as 501
0,ENG,173,17813,-0.0745209870029407,202,"Armitage, Marcus",EURO,2022-08-29 14:19:48 UTC,anyone ranked outside top 500 in OWGR appear as 501
0,USA,174,16039,-0.0805411042720419,156,"Haley II, Paul",KFT,2022-08-29 14:19:48 UTC,anyone ranked outside top 500 in OWGR appear as 501
0,ARG,175,16796,-0.0858757984683675,316,"Nunez, Augusto",KFT,2022-08-29 14:19:48 UTC,anyone ranked outside top 500 in OWGR appear as 501
0,USA,176,14967,-0.0935142574776477,264,"Hadley, Chesson",PGA,2022-08-29 14:19:48 UTC,anyone ranked outside top 500 in OWGR appear as 501
0,GER,177,20722,-0.0966880066792405,205,"Schmid, Matthias",EURO,2022-08-29 14:19:48 UTC,anyone ranked outside top 500 in OWGR appear as 501
0,USA,178,24550,-0.097764019029855,211,"Ghim, Doug",PGA,2022-08-29 14:19:48 UTC,anyone ranked outside top 500 in OWGR appear as 501
0,SCO,179,11396,-0.103598287179725,175,"Ramsay, Richie",EURO,2022-08-29 14:19:48 UTC,anyone ranked outside top 500 in OWGR appear as 501
0,USA,180,14852,-0.121616232616339,208,"Streb, Robert",PGA,2022-08-29 14:19:48 UTC,anyone ranked outside top 500 in OWGR appear as 501
0,DEN,181,23838,-0.127444779272681,163,"Hojgaard, Rasmus",EURO,2022-08-29 14:19:48 UTC,anyone ranked outside top 500 in OWGR appear as 501
0,ESP,182,9133,-0.129214069554085,70,"Larrazabal, Pablo",EURO,2022-08-29 14:19:48 UTC,anyone ranked outside top 500 in OWGR appear as 501
0,USA,183,25569,-0.1470099748854069,432,"Stevens, Samuel",KFT,2022-08-29 14:19:48 UTC,anyone ranked outside top 500 in OWGR appear as 501
0,GER,184,8117,-0.147213780416333,338,"Kaymer, Martin",EURO,2022-08-29 14:19:48 UTC,anyone ranked outside top 500 in OWGR appear as 501
0,AUS,185,12734,-0.147299466125278,184,"Scrivener, Jason",EURO,2022-08-29 14:19:48 UTC,anyone ranked outside top 500 in OWGR appear as 501
0,SVK,186,6283,-0.148455072900021,207,"Sabbatini, Rory",PGA,2022-08-29 14:19:48 UTC,anyone ranked outside top 500 in OWGR appear as 501
0,NZL,187,11826,-0.149247011938169,272,"Lee, Danny",PGA,2022-08-29 14:19:48 UTC,anyone ranked outside top 500 in OWGR appear as 501
0,ESP,188,14016,-0.155451676776959,313,"Campillo, Jorge",EURO,2022-08-29 14:19:48 UTC,anyone ranked outside top 500 in OWGR appear as 501
0,CAN,189,13126,-0.157981624154145,284,"Taylor, Nick",PGA,2022-08-29 14:19:48 UTC,anyone ranked outside top 500 in OWGR appear as 501
0,RSA,190,10884,-0.158052828302692,260,"Coetzee, George",EURO,2022-08-29 14:19:48 UTC,anyone ranked outside top 500 in OWGR appear as 501
0,RSA,191,19421,-0.1674519096555889,165,"Du Plessis, Hennie",CHA,2022-08-29 14:19:48 UTC,anyone ranked outside top 500 in OWGR appear as 501
0,ITA,192,7033,-0.1736830852423629,262,"Molinari, Edoardo",EURO,2022-08-29 14:19:48 UTC,anyone ranked outside top 500 in OWGR appear as 501
0,SWE,193,11657,-0.1742182766626669,359,"Norlander, Henrik",PGA,2022-08-29 14:19:48 UTC,anyone ranked outside top 500 in OWGR appear as 501
0,ENG,194,14795,-0.174286539668291,139,"Canter, Laurie",EURO,2022-08-29 14:19:48 UTC,anyone ranked outside top 500 in OWGR appear as 501
0,USA,195,24481,-0.176911182350131,355,"Redman, Doc",PGA,2022-08-29 14:19:48 UTC,anyone ranked outside top 500 in OWGR appear as 501
0,USA,196,7899,-0.1792114270562589,259,"Piercy, Scott",PGA,2022-08-29 14:19:48 UTC,anyone ranked outside top 500 in OWGR appear as 501
0,DEN,197,13412,-0.17953964751917,149,"Olesen, Thorbjorn",EURO,2022-08-29 14:19:48 UTC,anyone ranked outside top 500 in OWGR appear as 501
0,FRA,198,16363,-0.182168267294027,209,"Brun, Julien",CHA,2022-08-29 14:19:48 UTC,anyone ranked outside top 500 in OWGR appear as 501
0,GER,199,12317,-0.186930805348393,218,"Kieffer, Maximilian",EURO,2022-08-29 14:19:48 UTC,anyone ranked outside top 500 in OWGR appear as 501
0,USA,200,26660,-0.19028019944217,237,"Gordon, Will",PGA,2022-08-29 14:19:48 UTC,anyone ranked outside top 500 in OWGR appear as 501
0,NZL,201,4871,-0.193839627815803,501,"Alker, Steven",CHAMP,2022-08-29 14:19:48 UTC,anyone ranked outside top 500 in OWGR appear as 501
0,AUS,202,16841,-0.1949334881574849,68,"Lee, Min Woo",EURO,2022-08-29 14:19:48 UTC,anyone ranked outside top 500 in OWGR appear as 501
0,USA,203,5768,-0.197724171123671,212,"Hoffman, Charley",PGA,2022-08-29 14:19:48 UTC,anyone ranked outside top 500 in OWGR appear as 501
0,GER,204,19898,-0.198674523885279,195,"Paul, Yannik",CHA,2022-08-29 14:19:48 UTC,anyone ranked outside top 500 in OWGR appear as 501
0,SCO,205,22089,-0.2081234993337769,221,"Syme, Connor",EURO,2022-08-29 14:19:48 UTC,anyone ranked outside top 500 in OWGR appear as 501
0,AUS,206,5874,-0.209808593817662,354,"Percy, Cameron",PGA,2022-08-29 14:19:48 UTC,anyone ranked outside top 500 in OWGR appear as 501
0,GER,207,12522,-0.212566168608749,187,"Schneider, Marcel",EURO,2022-08-29 14:19:48 UTC,anyone ranked outside top 500 in OWGR appear as 501
0,AUT,208,15016,-0.213106733778173,248,"Schwab, Matthias",EURO,2022-08-29 14:19:48 UTC,anyone ranked outside top 500 in OWGR appear as 501
0,ENG,209,4163,-0.214779091400831,501,"Donald, Luke",PGA,2022-08-29 14:19:48 UTC,anyone ranked outside top 500 in OWGR appear as 501
0,USA,210,13470,-0.220280091422512,193,"Kizzire, Patton",PGA,2022-08-29 14:19:48 UTC,anyone ranked outside top 500 in OWGR appear as 501
0,USA,211,11451,-0.229770127642106,336,"Garnett, Brice",PGA,2022-08-29 14:19:48 UTC,anyone ranked outside top 500 in OWGR appear as 501
0,USA,212,14698,-0.2449397662282819,255,"Bramlett, Joseph",PGA,2022-08-29 14:19:48 UTC,anyone ranked outside top 500 in OWGR appear as 501
0,USA,213,15852,-0.252629630089441,487,"Kraft, Kelly",PGA,2022-08-29 14:19:48 UTC,anyone ranked outside top 500 in OWGR appear as 501
0,USA,214,18424,-0.253696717843387,387,"Roy, Kevin",KFT,2022-08-29 14:19:48 UTC,anyone ranked outside top 500 in OWGR appear as 501
0,FRA,215,18770,-0.27651055277825,223,"Rozner, Antoine",EURO,2022-08-29 14:19:48 UTC,anyone ranked outside top 500 in OWGR appear as 501
0,USA,216,8469,-0.281207649578171,384,"Armour, Ryan",PGA,2022-08-29 14:19:48 UTC,anyone ranked outside top 500 in OWGR appear as 501
0,SCO,217,14784,-0.285828217572062,281,"Law, David",EURO,2022-08-29 14:19:48 UTC,anyone ranked outside top 500 in OWGR appear as 501
0,USA,218,28309,-0.285994926953345,367,"Coody, Pierceson",AM,2022-08-29 14:19:48 UTC,anyone ranked outside top 500 in OWGR appear as 501
0,AUT,219,9531,-0.286379275035611,110,"Wiesberger, Bernd",EURO,2022-08-29 14:19:48 UTC,anyone ranked outside top 500 in OWGR appear as 501
0,DEN,220,20190,-0.299086608178383,140,"Helligkilde, Marcus",CHA,2022-08-29 14:19:48 UTC,anyone ranked outside top 500 in OWGR appear as 501
0,USA,221,22985,-0.299593695738779,303,"Smotherman, Austin",KFT,2022-08-29 14:19:48 UTC,anyone ranked outside top 500 in OWGR appear as 501
0,USA,222,19840,-0.3006495021370839,158,"Ramey, Chad",KFT,2022-08-29 14:19:48 UTC,anyone ranked outside top 500 in OWGR appear as 501
0,USA,223,21943,-0.303808681243742,317,"Lebioda, Hank",PGA,2022-08-29 14:19:48 UTC,anyone ranked outside top 500 in OWGR appear as 501
1,SWE,224,23950,-0.306752901377377,501,"Aberg, Ludvig",AM,2022-08-29 14:19:48 UTC,anyone ranked outside top 500 in OWGR appear as 501
0,USA,225,18579,-0.3069902194759569,466,"Cook, Austin",PGA,2022-08-29 14:19:48 UTC,anyone ranked outside top 500 in OWGR appear as 501
0,IRL,226,5716,-0.326227766026792,240,"Harrington, Padraig",EURO,2022-08-29 14:19:48 UTC,anyone ranked outside top 500 in OWGR appear as 501
0,USA,227,7900,-0.329447889298529,501,"Haas, Bill",PGA,2022-08-29 14:19:48 UTC,anyone ranked outside top 500 in OWGR appear as 501
0,USA,228,14799,-0.337800787647817,330,"Barnes, Erik",KFT,2022-08-29 14:19:48 UTC,anyone ranked outside top 500 in OWGR appear as 501
0,SCO,229,25131,-0.34480075519295,239,"Hill, Calum",EURO,2022-08-29 14:19:48 UTC,anyone ranked outside top 500 in OWGR appear as 501
0,USA,230,7489,-0.3470551019386789,408,"Moore, Ryan",PGA,2022-08-29 14:19:48 UTC,anyone ranked outside top 500 in OWGR appear as 501
0,USA,231,18524,-0.360898773630017,244,"Catlin, John",EURO,2022-08-29 14:19:48 UTC,anyone ranked outside top 500 in OWGR appear as 501
0,USA,232,27364,-0.361439948579222,255,"Thompson, Davis",KFT,2022-08-29 14:19:48 UTC,anyone ranked outside top 500 in OWGR appear as 501
0,SCO,233,11397,-0.366551953185445,325,"Jamieson, Scott",EURO,2022-08-29 14:19:48 UTC,anyone ranked outside top 500 in OWGR appear as 501
0,ENG,234,19948,-0.367771214430966,250,"Taylor, Ben",KFT,2022-08-29 14:19:48 UTC,anyone ranked outside top 500 in OWGR appear as 501
0,KOR,235,21688,-0.3698524032475039,178,"Kim, Seonghyeon",KFT,2022-08-29 14:19:48 UTC,anyone ranked outside top 500 in OWGR appear as 501
0,SWE,236,14815,-0.382928269577852,270,"Lingmerth, David",PGA,2022-08-29 14:19:48 UTC,anyone ranked outside top 500 in OWGR appear as 501
0,NOR,237,16421,-0.383241776902897,289,"Johannessen, Kristian Krogh",CHA,2022-08-29 14:19:48 UTC,anyone ranked outside top 500 in OWGR appear as 501
0,USA,238,6930,-0.389064859833424,501,"Taylor, Vaughn",PGA,2022-08-29 14:19:48 UTC,anyone ranked outside top 500 in OWGR appear as 501
0,RSA,239,12819,-0.3891935948110149,104,"Bekker, Oliver",CHA,2022-08-29 14:19:48 UTC,anyone ranked outside top 500 in OWGR appear as 501
0,SCO,240,21646,-0.391518801680324,174,"Ferguson, Ewen",EURO,2022-08-29 14:19:48 UTC,anyone ranked outside top 500 in OWGR appear as 501
0,USA,241,14706,-0.398236732161581,115,"Swafford, Hudson",PGA,2022-08-29 14:19:48 UTC,anyone ranked outside top 500 in OWGR appear as 501
0,ENG,242,6516,-0.402645504312647,79,"Bland, Richard",EURO,2022-08-29 14:19:48 UTC,anyone ranked outside top 500 in OWGR appear as 501
0,USA,243,14007,-0.4059961555986079,350,"Martin, Ben",PGA,2022-08-29 14:19:48 UTC,anyone ranked outside top 500 in OWGR appear as 501
0,GER,244,22087,-0.4072844893411729,467,"Paul, Jeremy",KFT,2022-08-29 14:19:48 UTC,anyone ranked outside top 500 in OWGR appear as 501
0,ENG,245,15113,-0.413413064906438,295,"Pepperell, Eddie",EURO,2022-08-29 14:19:48 UTC,anyone ranked outside top 500 in OWGR appear as 501
0,USA,246,26653,-0.414132698291442,374,"Eckroat, Austin",KFT,2022-08-29 14:19:48 UTC,anyone ranked outside top 500 in OWGR appear as 501
0,ESP,247,26745,-0.414448229087397,501,"Lopez-Chacarra, Eugenio",AM,2022-08-29 14:19:48 UTC,anyone ranked outside top 500 in OWGR appear as 501
0,SWE,248,22535,-0.4157648682524439,315,"Norrman, Vincent",KFT,2022-08-29 14:19:48 UTC,anyone ranked outside top 500 in OWGR appear as 501
0,USA,249,20522,-0.428802552157552,188,"Veerman, Johannes",EURO,2022-08-29 14:19:48 UTC,anyone ranked outside top 500 in OWGR appear as 501
0,USA,250,21237,-0.42918960926627,215,"Hickok, Kramer",PGA,2022-08-29 14:19:48 UTC,anyone ranked outside top 500 in OWGR appear as 501
0,SWE,251,14018,-0.4317242808852899,217,"Dantorp, Jens",CHA,2022-08-29 14:19:48 UTC,anyone ranked outside top 500 in OWGR appear as 501
0,USA,252,11357,-0.434519226132791,361,"Uihlein, Peter",PGA,2022-08-29 14:19:48 UTC,anyone ranked outside top 500 in OWGR appear as 501
0,NIR,253,7548,-0.4347523066372989,399,"McDowell, Graeme",PGA,2022-08-29 14:19:48 UTC,anyone ranked outside top 500 in OWGR appear as 501
0,KOR,254,11117,-0.447287739115872,501,"Noh, Seung-Yul",PGA,2022-08-29 14:19:48 UTC,anyone ranked outside top 500 in OWGR appear as 501
0,USA,255,13022,-0.456134705222431,312,"Stuard, Brian",PGA,2022-08-29 14:19:48 UTC,anyone ranked outside top 500 in OWGR appear as 501
0,USA,256,7626,-0.456196345052102,434,"O'Hair, Sean",PGA,2022-08-29 14:19:48 UTC,anyone ranked outside top 500 in OWGR appear as 501
0,TPE,257,17881,-0.4663539469101589,246,"Yu, Kevin",KFT,2022-08-29 14:19:48 UTC,anyone ranked outside top 500 in OWGR appear as 501
0,ENG,258,12426,-0.4691486419627,276,"Waring, Paul",EURO,2022-08-29 14:19:48 UTC,anyone ranked outside top 500 in OWGR appear as 501
0,NED,259,9413,-0.4712642926610529,279,"Besseling, Wil",EURO,2022-08-29 14:19:48 UTC,anyone ranked outside top 500 in OWGR appear as 501
0,JPN,260,13531,-0.473473842012917,360,"Kodaira, Satoshi",PGA,2022-08-29 14:19:48 UTC,anyone ranked outside top 500 in OWGR appear as 501
0,ENG,261,27194,-0.4786512804691049,292,"Hall, Harry",KFT,2022-08-29 14:19:48 UTC,anyone ranked outside top 500 in OWGR appear as 501
0,CHN,262,11763,-0.479079037018669,229,"Wu, Ashun",EURO,2022-08-29 14:19:48 UTC,anyone ranked outside top 500 in OWGR appear as 501
0,NOR,263,13349,-0.480056735076811,309,"Kofstad, Espen",CHA,2022-08-29 14:19:48 UTC,anyone ranked outside top 500 in OWGR appear as 501
0,FRA,264,19960,-0.4912893693958199,263,"Pavon, Matthieu",EURO,2022-08-29 14:19:48 UTC,anyone ranked outside top 500 in OWGR appear as 501
0,KOR,265,14459,-0.500234989150622,300,"An, Byeong Hun",PGA,2022-08-29 14:19:48 UTC,anyone ranked outside top 500 in OWGR appear as 501
0,JPN,266,13530,-0.507524755723276,265,"Kawamura, Masahiro",EURO,2022-08-29 14:19:48 UTC,anyone ranked outside top 500 in OWGR appear as 501
0,JPN,267,19190,-0.5125283622995239,97,"Hoshino, Rikuya",JPN,2022-08-29 14:19:48 UTC,anyone ranked outside top 500 in OWGR appear as 501
0,FRA,268,10201,-0.519110816227209,328,"Guerrier, Julien",EURO,2022-08-29 14:19:48 UTC,anyone ranked outside top 500 in OWGR appear as 501
0,USA,269,16713,-0.520829687079184,501,"Lindheim, Nicholas",KFT,2022-08-29 14:19:48 UTC,anyone ranked outside top 500 in OWGR appear as 501
0,USA,270,6931,-0.524502041711599,501,"Byrd, Jonathan",PGA,2022-08-29 14:19:48 UTC,anyone ranked outside top 500 in OWGR appear as 501
0,USA,271,12477,-0.533658440570146,501,"McGirt, William",PGA,2022-08-29 14:19:48 UTC,anyone ranked outside top 500 in OWGR appear as 501
0,AUS,272,6287,-0.537752622912084,132,"Kennedy, Brad",JPN,2022-08-29 14:19:48 UTC,anyone ranked outside top 500 in OWGR appear as 501
0,USA,273,13127,-0.545658584189267,335,"Tway, Kevin",PGA,2022-08-29 14:19:48 UTC,anyone ranked outside top 500 in OWGR appear as 501
0,RSA,274,15193,-0.5529356956940911,177,"Van Tonder, Daniel",EURO,2022-08-29 14:19:48 UTC,anyone ranked outside top 500 in OWGR appear as 501
0,ESP,275,7887,-0.5536321359037989,324,"Garcia-Heredia, Alfredo",CHA,2022-08-29 14:19:48 UTC,anyone ranked outside top 500 in OWGR appear as 501
0,SCO,276,16475,-0.5556259694040021,254,"Forrest, Grant",EURO,2022-08-29 14:19:48 UTC,anyone ranked outside top 500 in OWGR appear as 501
0,RSA,277,8045,-0.556343595392272,342,"Walters, Justin",EURO,2022-08-29 14:19:48 UTC,anyone ranked outside top 500 in OWGR appear as 501
0,NED,278,10158,-0.568013775258698,501,"Luiten, Joost",EURO,2022-08-29 14:19:48 UTC,anyone ranked outside top 500 in OWGR appear as 501
0,DEN,279,15676,-0.572700318640051,415,"Moller, Niklas Norgaard",CHA,2022-08-29 14:19:48 UTC,anyone ranked outside top 500 in OWGR appear as 501
0,USA,280,8820,-0.577890601902813,365,"Snedeker, Brandt",PGA,2022-08-29 14:19:48 UTC,anyone ranked outside top 500 in OWGR appear as 501
1,USA,281,26649,-0.57809631912429,433,"Thorbjornsen, Michael",AM,2022-08-29 14:19:48 UTC,anyone ranked outside top 500 in OWGR appear as 501
0,ENG,282,9396,-0.590841189678586,343,"Fisher, Ross",EURO,2022-08-29 14:19:48 UTC,anyone ranked outside top 500 in OWGR appear as 501
0,USA,283,25094,-0.591763958780746,501,"Fishburn, Patrick",KFT,2022-08-29 14:19:48 UTC,anyone ranked outside top 500 in OWGR appear as 501
0,DEN,284,23602,-0.591833138989696,98,"Hojgaard, Nicolai",EURO,2022-08-29 14:19:48 UTC,anyone ranked outside top 500 in OWGR appear as 501
0,WAL,285,7084,-0.5941169254946329,182,"Donaldson, Jamie",EURO,2022-08-29 14:19:48 UTC,anyone ranked outside top 500 in OWGR appear as 501
0,ESP,286,12988,-0.596259125556499,318,"Elvira Mijares, Ignacio",EURO,2022-08-29 14:19:48 UTC,anyone ranked outside top 500 in OWGR appear as 501
0,SWE,287,18517,-0.599704375483059,204,"Soderberg, Sebastian",EURO,2022-08-29 14:19:48 UTC,anyone ranked outside top 500 in OWGR appear as 501
0,FIN,288,23816,-0.600005986838813,377,"Valimaki, Sami",EURO,2022-08-29 14:19:48 UTC,anyone ranked outside top 500 in OWGR appear as 501
0,RSA,289,12821,-0.605272342360781,283,"De Jager, Louis",EURO,2022-08-29 14:19:48 UTC,anyone ranked outside top 500 in OWGR appear as 501
1,USA,290,29771,-0.6110493197823941,501,"Vick, Travis",AM,2022-08-29 14:19:48 UTC,anyone ranked outside top 500 in OWGR appear as 501
1,USA,291,28158,-0.61835891181128,501,"Bennett, Sam",AM,2022-08-29 14:19:48 UTC,anyone ranked outside top 500 in OWGR appear as 501
0,FIN,292,14120,-0.6289534752162149,171,"Samooja, Kalle",EURO,2022-08-29 14:19:48 UTC,anyone ranked outside top 500 in OWGR appear as 501
0,USA,293,26913,-0.628997219262193,501,"Phillips, Trent",AM,2022-08-29 14:19:48 UTC,anyone ranked outside top 500 in OWGR appear as 501
0,USA,294,7305,-0.630903277739806,501,"Gutschewski, Scott",KFT,2022-08-29 14:19:48 UTC,anyone ranked outside top 500 in OWGR appear as 501
0,ENG,295,13344,-0.6318582226808199,501,"Baldwin, Matthew",CHA,2022-08-29 14:19:48 UTC,anyone ranked outside top 500 in OWGR appear as 501
0,USA,296,25319,-0.632281454064729,501,"VanDerLaan, John",KFT,2022-08-29 14:19:48 UTC,anyone ranked outside top 500 in OWGR appear as 501
0,FRA,297,23733,-0.636698959222229,275,"LaCroix, Frederic",CHA,2022-08-29 14:19:48 UTC,anyone ranked outside top 500 in OWGR appear as 501
0,ENG,298,15115,-0.644240625785587,483,"Senior, Jack",EURO,2022-08-29 14:19:48 UTC,anyone ranked outside top 500 in OWGR appear as 501
0,AUT,299,13089,-0.651543648012307,334,"Nemecz, Lukas",CHA,2022-08-29 14:19:48 UTC,anyone ranked outside top 500 in OWGR appear as 501
0,ENG,300,15326,-0.652385745175449,293,"Sullivan, Andy",EURO,2022-08-29 14:19:48 UTC,anyone ranked outside top 500 in OWGR appear as 501
0,USA,301,14081,-0.653639099418569,501,"Hoag, Bo",PGA,2022-08-29 14:19:48 UTC,anyone ranked outside top 500 in OWGR appear as 501
0,USA,302,16395,-0.65541970000309,501,"Kohles, Ben",KFT,2022-08-29 14:19:48 UTC,anyone ranked outside top 500 in OWGR appear as 501
0,USA,303,11330,-0.657641222672521,501,"Brown, Scott",PGA,2022-08-29 14:19:48 UTC,anyone ranked outside top 500 in OWGR appear as 501
0,CAN,304,14050,-0.666251420671871,406,"Sloan, Roger",PGA,2022-08-29 14:19:48 UTC,anyone ranked outside top 500 in OWGR appear as 501
0,THA,305,19844,-0.6698299793810071,91,"Kaewkanjana, Sadom",ASA,2022-08-29 14:19:48 UTC,anyone ranked outside top 500 in OWGR appear as 501
0,NED,306,13374,-0.6761429794283629,378,"Van Driel, Darius",EURO,2022-08-29 14:19:48 UTC,anyone ranked outside top 500 in OWGR appear as 501
0,FIN,307,13139,-0.6780792949110811,266,"Pulkkanen, Tapio",EURO,2022-08-29 14:19:48 UTC,anyone ranked outside top 500 in OWGR appear as 501
0,SWE,308,18514,-0.6885897747423941,349,"Kinhult, Marcus",EURO,2022-08-29 14:19:48 UTC,anyone ranked outside top 500 in OWGR appear as 501
0,FRA,309,10198,-0.6889491085842359,310,"Dubuisson, Victor",EURO,2022-08-29 14:19:48 UTC,anyone ranked outside top 500 in OWGR appear as 501
0,USA,310,17509,-0.6896230921567571,501,"Seiffert, Chase",PGA,2022-08-29 14:19:48 UTC,anyone ranked outside top 500 in OWGR appear as 501
0,RSA,311,18174,-0.69401030958363,200,"Ritchie, JC",CHA,2022-08-29 14:19:48 UTC,anyone ranked outside top 500 in OWGR appear as 501
0,USA,312,17273,-0.697323645748453,501,"Fischer, Zack",KFT,2022-08-29 14:19:48 UTC,anyone ranked outside top 500 in OWGR appear as 501
0,WAL,313,13318,-0.699328157928591,501,"Farr, Oliver",EURO,2022-08-29 14:19:48 UTC,anyone ranked outside top 500 in OWGR appear as 501
0,ENG,314,25601,-0.703447554450848,352,"Jordan, Matthew",EURO,2022-08-29 14:19:48 UTC,anyone ranked outside top 500 in OWGR appear as 501
0,USA,315,13305,-0.7058882463135759,501,"Chappell, Kevin",PGA,2022-08-29 14:19:48 UTC,anyone ranked outside top 500 in OWGR appear as 501
0,ESP,316,20704,-0.7068907664734809,203,"Tarrio Ben, Santiago",EURO,2022-08-29 14:19:48 UTC,anyone ranked outside top 500 in OWGR appear as 501
0,USA,317,8002,-0.7107092497890329,501,"Oppenheim, Rob",KFT,2022-08-29 14:19:48 UTC,anyone ranked outside top 500 in OWGR appear as 501
0,KOR,318,14936,-0.715935477166361,271,"Hwang, Junggon",KOR,2022-08-29 14:19:48 UTC,anyone ranked outside top 500 in OWGR appear as 501
0,USA,319,28159,-0.7259705011925809,474,"Meissner, Mac",KFT,2022-08-29 14:19:48 UTC,anyone ranked outside top 500 in OWGR appear as 501
0,USA,320,19738,-0.7448347689538141,501,"Dougherty, Kevin",KFT,2022-08-29 14:19:48 UTC,anyone ranked outside top 500 in OWGR appear as 501
0,USA,321,23465,-0.748048859179095,501,"Greyserman, Max",KFT,2022-08-29 14:19:48 UTC,anyone ranked outside top 500 in OWGR appear as 501
0,USA,322,7293,-0.7529894398349359,447,"Walker, Jimmy",PGA,2022-08-29 14:19:48 UTC,anyone ranked outside top 500 in OWGR appear as 501
0,ZIM,323,14559,-0.7552054095551171,81,"Vincent, Scott",JPN,2022-08-29 14:19:48 UTC,anyone ranked outside top 500 in OWGR appear as 501
0,USA,324,14847,-0.758261479793533,501,"Crick, Brandon",KFT,2022-08-29 14:19:48 UTC,anyone ranked outside top 500 in OWGR appear as 501
0,USA,325,23475,-0.7596339827847409,416,"Novak, Andrew",KFT,2022-08-29 14:19:48 UTC,anyone ranked outside top 500 in OWGR appear as 501
0,USA,326,22981,-0.764663933403694,242,"Matthews, Brandon",KFT,2022-08-29 14:19:48 UTC,anyone ranked outside top 500 in OWGR appear as 501
0,USA,327,26122,-0.773852450620102,501,"Flavin, Patrick",KFT,2022-08-29 14:19:48 UTC,anyone ranked outside top 500 in OWGR appear as 501
0,AUS,328,6252,-0.7768508569294159,501,"Baddeley, Aaron",PGA,2022-08-29 14:19:48 UTC,anyone ranked outside top 500 in OWGR appear as 501
0,JPN,329,19729,-0.781865763063578,125,"Kanaya, Takumi",JPN,2022-08-29 14:19:48 UTC,anyone ranked outside top 500 in OWGR appear as 501
0,USA,330,24968,-0.7821760723446171,181,"Griffin, Ben",KFT,2022-08-29 14:19:48 UTC,anyone ranked outside top 500 in OWGR appear as 501
0,JPN,331,15756,-0.7907126235663879,88,"Higa, Kazuki",JPN,2022-08-29 14:19:48 UTC,anyone ranked outside top 500 in OWGR appear as 501
0,ENG,332,15191,-0.790733413286748,492,"Southgate, Matthew",EURO,2022-08-29 14:19:48 UTC,anyone ranked outside top 500 in OWGR appear as 501
0,RSA,333,15229,-0.7914111710539641,305,"Stone, Brandon",EURO,2022-08-29 14:19:48 UTC,anyone ranked outside top 500 in OWGR appear as 501
0,ENG,334,18027,-0.7956968028013399,304,"Kimsey, Nathan",CHA,2022-08-29 14:19:48 UTC,anyone ranked outside top 500 in OWGR appear as 501
0,ESP,335,3596,-0.79680107513299,501,"Jimenez, Miguel A",CHAMP,2022-08-29 14:19:48 UTC,anyone ranked outside top 500 in OWGR appear as 501
0,NED,336,12650,-0.8013908588478659,456,"Huizing, Daan",EURO,2022-08-29 14:19:48 UTC,anyone ranked outside top 500 in OWGR appear as 501
0,THA,337,14368,-0.806164326506766,267,"Janewattananond, Jazz",EURO,2022-08-29 14:19:48 UTC,anyone ranked outside top 500 in OWGR appear as 501
0,USA,338,15004,-0.806445319003035,147,"Kim, Chan",JPN,2022-08-29 14:19:48 UTC,anyone ranked outside top 500 in OWGR appear as 501
0,USA,339,22914,-0.806967097914216,353,"Grant, Brent",KFT,2022-08-29 14:19:48 UTC,anyone ranked outside top 500 in OWGR appear as 501
0,USA,340,23505,-0.8078451333096379,245,"McGreevy, Max",KFT,2022-08-29 14:19:48 UTC,anyone ranked outside top 500 in OWGR appear as 501
0,MEX,341,12855,-0.809924127286105,429,"Rodriguez, Jose de Jesus",KFT,2022-08-29 14:19:48 UTC,anyone ranked outside top 500 in OWGR appear as 501
0,USA,342,23610,-0.8141928862330801,143,"Crocker, Sean",EURO,2022-08-29 14:19:48 UTC,anyone ranked outside top 500 in OWGR appear as 501
0,USA,343,12131,-0.81440853606663,436,"Anderson, Mark",KFT,2022-08-29 14:19:48 UTC,anyone ranked outside top 500 in OWGR appear as 501
0,USA,344,24562,-0.817607763450246,403,"Knowles, Philip",KFT,2022-08-29 14:19:48 UTC,anyone ranked outside top 500 in OWGR appear as 501
0,USA,345,14140,-0.819335269572143,222,"Higgs, Harry",PGA,2022-08-29 14:19:48 UTC,anyone ranked outside top 500 in OWGR appear as 501
0,KOR,346,12188,-0.8220679623609941,107,"Kim, Bio",KOR,2022-08-29 14:19:48 UTC,anyone ranked outside top 500 in OWGR appear as 501
0,JPN,347,16165,-0.8224028459388749,90,"Inamori, Yuki",JPN,2022-08-29 14:19:48 UTC,anyone ranked outside top 500 in OWGR appear as 501
0,THA,348,18149,-0.8238950260923509,142,"Khongwatmai, Phachara",ASA,2022-08-29 14:19:48 UTC,anyone ranked outside top 500 in OWGR appear as 501
0,ENG,349,11061,-0.826529780228521,282,"Morrison, James",EURO,2022-08-29 14:19:48 UTC,anyone ranked outside top 500 in OWGR appear as 501
0,ESP,350,7457,-0.830109365909823,192,"Cabrera Bello, Rafa",PGA,2022-08-29 14:19:48 UTC,anyone ranked outside top 500 in OWGR appear as 501
0,ITA,351,14987,-0.83175410841649,287,"Laporta, Francesco",EURO,2022-08-29 14:19:48 UTC,anyone ranked outside top 500 in OWGR appear as 501
0,USA,352,9604,-0.8348864925825501,501,"Stroud, Chris",PGA,2022-08-29 14:19:48 UTC,anyone ranked outside top 500 in OWGR appear as 501
0,COL,353,9171,-0.837932619973629,501,"Villegas, Camilo",PGA,2022-08-29 14:19:48 UTC,anyone ranked outside top 500 in OWGR appear as 501
0,JPN,354,14904,-0.8404694356755219,119,"Kinoshita, Ryosuke",JPN,2022-08-29 14:19:48 UTC,anyone ranked outside top 500 in OWGR appear as 501
0,USA,355,26126,-0.8423310993987891,475,"Meissner, Mitchell",SAM,2022-08-29 14:19:48 UTC,anyone ranked outside top 500 in OWGR appear as 501
0,CHN,356,15310,-0.8425726359532378,136,"Li, Haotong",EURO,2022-08-29 14:19:48 UTC,anyone ranked outside top 500 in OWGR appear as 501
0,KOR,357,7578,-0.848309347415454,477,"Kang, Kyungnam",KOR,2022-08-29 14:19:48 UTC,anyone ranked outside top 500 in OWGR appear as 501
0,USA,358,28469,-0.8524240307578699,501,"Highsmith, Joe",AM,2022-08-29 14:19:48 UTC,anyone ranked outside top 500 in OWGR appear as 501
0,FRA,359,20131,-0.8571633667885451,496,"Sciot-Siegrist, Robin",EURO,2022-08-29 14:19:48 UTC,anyone ranked outside top 500 in OWGR appear as 501
0,ENG,360,12838,-0.8585962069403459,241,"Lewton, Steve",ASA,2022-08-29 14:19:48 UTC,anyone ranked outside top 500 in OWGR appear as 501
0,JPN,361,25263,-0.862011133770896,199,"Onishi, Kaito",JPN,2022-08-29 14:19:48 UTC,anyone ranked outside top 500 in OWGR appear as 501
0,RSA,362,24342,-0.863463826169996,152,"Higgo, Garrick",PGA,2022-08-29 14:19:48 UTC,anyone ranked outside top 500 in OWGR appear as 501
1,BEL,363,22002,-0.864293463354579,501,"Chassart, Adrien Dumont de",AM,2022-08-29 14:19:48 UTC,anyone ranked outside top 500 in OWGR appear as 501
0,ENG,364,13821,-0.864775627167886,425,"Whitnell, Dale",EURO,2022-08-29 14:19:48 UTC,anyone ranked outside top 500 in OWGR appear as 501
0,RSA,365,25889,-0.866687759284991,329,"Nienaber, Wilco",EURO,2022-08-29 14:19:48 UTC,anyone ranked outside top 500 in OWGR appear as 501
0,USA,366,19364,-0.869509186914054,423,"Werenski, Richy",PGA,2022-08-29 14:19:48 UTC,anyone ranked outside top 500 in OWGR appear as 501
0,FRA,367,9675,-0.870223191892318,501,"Lorenzo-Vera, Michael",EURO,2022-08-29 14:19:48 UTC,anyone ranked outside top 500 in OWGR appear as 501
0,USA,368,25036,-0.8707180481617491,501,"Holt, Ian",CAN,2022-08-29 14:19:48 UTC,anyone ranked outside top 500 in OWGR appear as 501
1,USA,369,27819,-0.88249012000036,501,"Castillo, Ricky",AM,2022-08-29 14:19:48 UTC,anyone ranked outside top 500 in OWGR appear as 501
0,USA,370,26139,-0.8854991234474351,499,"Kocher, David",KFT,2022-08-29 14:19:48 UTC,anyone ranked outside top 500 in OWGR appear as 501
0,ENG,371,22608,-0.886845925353308,258,"Clements, Todd",CHA,2022-08-29 14:19:48 UTC,anyone ranked outside top 500 in OWGR appear as 501
1,USA,372,29827,-0.8895342874611379,501,"James, Benjamin",AM,2022-08-29 14:19:48 UTC,anyone ranked outside top 500 in OWGR appear as 501
0,MAS,373,12530,-0.8896741393148929,419,"Green, Gavin",EURO,2022-08-29 14:19:48 UTC,anyone ranked outside top 500 in OWGR appear as 501
0,FRA,374,17718,-0.8908140467922959,346,"Sordet, Clement",EURO,2022-08-29 14:19:48 UTC,anyone ranked outside top 500 in OWGR appear as 501
0,USA,375,21235,-0.901172210762668,364,"Albertson, Anders",KFT,2022-08-29 14:19:48 UTC,anyone ranked outside top 500 in OWGR appear as 501
0,ENG,376,10873,-0.902376447945188,438,"Skinns, David",KFT,2022-08-29 14:19:48 UTC,anyone ranked outside top 500 in OWGR appear as 501
0,USA,377,12846,-0.907873268226465,501,"Herman, Jim",PGA,2022-08-29 14:19:48 UTC,anyone ranked outside top 500 in OWGR appear as 501
0,RSA,378,11852,-0.909933400724582,225,"Ahlers, Jaco",AFR,2022-08-29 14:19:48 UTC,anyone ranked outside top 500 in OWGR appear as 501
0,USA,379,22986,-0.9106781696524732,501,"Tuten, Shad",KFT,2022-08-29 14:19:48 UTC,anyone ranked outside top 500 in OWGR appear as 501
0,JPN,380,20448,-0.91267669706843,124,"Katsuragawa, Yuto",JPN,2022-08-29 14:19:48 UTC,anyone ranked outside top 500 in OWGR appear as 501
1,USA,381,29970,-0.914813064844313,501,"Menante, Dylan",AM,2022-08-29 14:19:48 UTC,anyone ranked outside top 500 in OWGR appear as 501
0,AUS,382,19208,-0.915805523104827,347,"Endycott, Harrison",KFT,2022-08-29 14:19:48 UTC,anyone ranked outside top 500 in OWGR appear as 501
0,USA,383,26096,-0.9159595410924392,446,"Bhatia, Akshay",KFT,2022-08-29 14:19:48 UTC,anyone ranked outside top 500 in OWGR appear as 501
0,USA,384,18164,-0.918083975066308,501,"Wolfe, Jared",KFT,2022-08-29 14:19:48 UTC,anyone ranked outside top 500 in OWGR appear as 501
0,THA,385,12321,-0.9185888398329342,345,"Aphibarnrat, Kiradech",PGA,2022-08-29 14:19:48 UTC,anyone ranked outside top 500 in OWGR appear as 501
0,USA,386,28571,-0.923797189239002,501,"Pettit, Turk",AM,2022-08-29 14:19:48 UTC,anyone ranked outside top 500 in OWGR appear as 501
0,USA,387,25002,-0.9241565886106942,501,"Wu, Dylan",KFT,2022-08-29 14:19:48 UTC,anyone ranked outside top 500 in OWGR appear as 501
0,USA,388,21880,-0.9247534562118042,435,"Cone, Trevor",KFT,2022-08-29 14:19:48 UTC,anyone ranked outside top 500 in OWGR appear as 501
0,RSA,389,18204,-0.92813141200198,348,"Prinsloo, Jaco",AFR,2022-08-29 14:19:48 UTC,anyone ranked outside top 500 in OWGR appear as 501
1,JPN,390,21074,-0.93466422017491,322,"Nakajima, Keita",JPN,2022-08-29 14:19:48 UTC,anyone ranked outside top 500 in OWGR appear as 501
0,RSA,391,7677,-0.936768011965577,93,"Norris, Shaun",JPN,2022-08-29 14:19:48 UTC,anyone ranked outside top 500 in OWGR appear as 501
0,USA,392,17584,-0.937792721595957,495,"McCumber, Tyler",PGA,2022-08-29 14:19:48 UTC,anyone ranked outside top 500 in OWGR appear as 501
0,RSA,393,874,-0.93822897095846,501,"Els, Ernie",CHAMP,2022-08-29 14:19:48 UTC,anyone ranked outside top 500 in OWGR appear as 501
0,ITA,394,13013,-0.944937223633907,501,"Bertasio, Nino",EURO,2022-08-29 14:19:48 UTC,anyone ranked outside top 500 in OWGR appear as 501
0,USA,395,8479,-0.946894160649555,501,"Harrington, Scott",PGA,2022-08-29 14:19:48 UTC,anyone ranked outside top 500 in OWGR appear as 501
0,ARG,396,8571,-0.949958612312918,501,"Gomez, Fabian",KFT,2022-08-29 14:19:48 UTC,anyone ranked outside top 500 in OWGR appear as 501
0,ITA,397,17357,-0.952181304542092,185,"Migliozzi, Guido",EURO,2022-08-29 14:19:48 UTC,anyone ranked outside top 500 in OWGR appear as 501
0,USA,398,5151,-0.954617163467421,501,"Kelly, Jerry",CHAMP,2022-08-29 14:19:48 UTC,anyone ranked outside top 500 in OWGR appear as 501
0,RSA,399,16896,-0.959471357342752,341,"Kruyswijk, Jacques",EURO,2022-08-29 14:19:48 UTC,anyone ranked outside top 500 in OWGR appear as 501
0,CHN,400,13026,-0.960342722712495,501,"Zhang, Xinjun",KFT,2022-08-29 14:19:48 UTC,anyone ranked outside top 500 in OWGR appear as 501
0,RSA,401,5754,-0.961799720595552,498,"Fichardt, Darren",EURO,2022-08-29 14:19:48 UTC,anyone ranked outside top 500 in OWGR appear as 501
0,USA,402,24906,-0.9645153245904828,501,"Armstrong, Dawson",KFT,2022-08-29 14:19:48 UTC,anyone ranked outside top 500 in OWGR appear as 501
0,JPN,403,15056,-0.965535377870676,153,"Horikawa, Mikumu",JPN,2022-08-29 14:19:48 UTC,anyone ranked outside top 500 in OWGR appear as 501
0,JPN,404,13485,-0.965627345772187,101,"Imahira, Shugo",JPN,2022-08-29 14:19:48 UTC,anyone ranked outside top 500 in OWGR appear as 501
0,USA,405,15608,-0.966734417085083,501,"Barber, Blayne",KFT,2022-08-29 14:19:48 UTC,anyone ranked outside top 500 in OWGR appear as 501
0,ARG,406,15239,-0.9681325417328228,501,"Ledesma, Nelson",KFT,2022-08-29 14:19:48 UTC,anyone ranked outside top 500 in OWGR appear as 501
0,COL,407,22833,-0.9685546998952,452,"Echavarria, Nicolas",KFT,2022-08-29 14:19:48 UTC,anyone ranked outside top 500 in OWGR appear as 501
0,USA,408,19643,-0.968853646081744,501,"Reeves, Seth",KFT,2022-08-29 14:19:48 UTC,anyone ranked outside top 500 in OWGR appear as 501
0,RSA,409,9883,-0.97061394449021,501,"Van Der Walt, Dawie",KFT,2022-08-29 14:19:48 UTC,anyone ranked outside top 500 in OWGR appear as 501
0,GER,410,27588,-0.978471460993812,277,"Schott, Frederik",CHA,2022-08-29 14:19:48 UTC,anyone ranked outside top 500 in OWGR appear as 501
0,JPN,411,22760,-0.9837826440900408,224,"Hisatsune, Ryo",JPN,2022-08-29 14:19:48 UTC,anyone ranked outside top 500 in OWGR appear as 501
0,USA,412,16382,-0.986637997876167,501,"Knous, Jim",PGA,2022-08-29 14:19:48 UTC,anyone ranked outside top 500 in OWGR appear as 501
0,RSA,413,25888,-0.988611378471249,285,"Germishuys, Deon",AFR,2022-08-29 14:19:48 UTC,anyone ranked outside top 500 in OWGR appear as 501
0,KOR,414,17872,-0.992194700218476,392,"Ham, Jeongwoo",KOR,2022-08-29 14:19:48 UTC,anyone ranked outside top 500 in OWGR appear as 501
0,USA,415,23781,-0.9956001017334258,249,"Hanna, Chase",EURO,2022-08-29 14:19:48 UTC,anyone ranked outside top 500 in OWGR appear as 501
0,ENG,416,8300,-0.9962674183821008,501,"Wilson, Oliver",EURO,2022-08-29 14:19:48 UTC,anyone ranked outside top 500 in OWGR appear as 501
0,JPN,417,12377,-1.0051661660242,130,"Otsuki, Tomoharu",JPN,2022-08-29 14:19:48 UTC,anyone ranked outside top 500 in OWGR appear as 501
0,CAN,418,15596,-1.00869148435543,375,"Cockerill, Aaron",EURO,2022-08-29 14:19:48 UTC,anyone ranked outside top 500 in OWGR appear as 501
0,USA,419,28635,-1.0135822077552,501,"McCarty, Matt",KFT,2022-08-29 14:19:48 UTC,anyone ranked outside top 500 in OWGR appear as 501
0,SWE,420,14780,-1.01645893287764,373,"Lagergren, Joakim",EURO,2022-08-29 14:19:48 UTC,anyone ranked outside top 500 in OWGR appear as 501
0,IND,421,17081,-1.01875884992633,231,"Sharma, Shubhankar",EURO,2022-08-29 14:19:48 UTC,anyone ranked outside top 500 in OWGR appear as 501
0,CAN,422,15499,-1.02313306627376,501,"Bateman, Wilson",CAN,2022-08-29 14:19:48 UTC,anyone ranked outside top 500 in OWGR appear as 501
0,USA,423,14002,-1.02420648118856,301,"Alexander, Tyson",KFT,2022-08-29 14:19:48 UTC,anyone ranked outside top 500 in OWGR appear as 501
0,USA,424,10535,-1.02689122947547,501,"Flores, Martin",KFT,2022-08-29 14:19:48 UTC,anyone ranked outside top 500 in OWGR appear as 501
0,USA,425,1547,-1.02738461089441,109,"Mickelson, Phil",PGA,2022-08-29 14:19:48 UTC,anyone ranked outside top 500 in OWGR appear as 501
0,USA,426,11082,-1.0286985297589202,465,"Burgoon, Bronson",PGA,2022-08-29 14:19:48 UTC,anyone ranked outside top 500 in OWGR appear as 501
0,GER,427,12318,-1.03124435485865,402,"Knappe, Alexander",CHA,2022-08-29 14:19:48 UTC,anyone ranked outside top 500 in OWGR appear as 501
0,DEN,428,11619,-1.031577968783,457,"Bjerregaard, Lucas",EURO,2022-08-29 14:19:48 UTC,anyone ranked outside top 500 in OWGR appear as 501
0,SWE,429,20084,-1.03312209711002,420,"Lindberg, Mikael",CHA,2022-08-29 14:19:48 UTC,anyone ranked outside top 500 in OWGR appear as 501
0,MEX,430,15394,-1.0343173381056898,501,"Diaz, Roberto",KFT,2022-08-29 14:19:48 UTC,anyone ranked outside top 500 in OWGR appear as 501
0,ARG,431,10877,-1.03740423970252,501,"Goya, Estanislao",KFT,2022-08-29 14:19:48 UTC,anyone ranked outside top 500 in OWGR appear as 501
0,USA,432,24354,-1.0393512851434,422,"Xiong, Norman",KFT,2022-08-29 14:19:48 UTC,anyone ranked outside top 500 in OWGR appear as 501
0,KOR,433,20841,-1.0399515969309898,306,"Seo, Yoseop",KOR,2022-08-29 14:19:48 UTC,anyone ranked outside top 500 in OWGR appear as 501
0,GER,434,6950,-1.03999682275295,339,"Siem, Marcel",EURO,2022-08-29 14:19:48 UTC,anyone ranked outside top 500 in OWGR appear as 501
0,RSA,435,13731,-1.0424294101695,379,"Strydom, Ockie",AFR,2022-08-29 14:19:48 UTC,anyone ranked outside top 500 in OWGR appear as 501
0,SWE,436,15603,-1.0425855804446,298,"Broberg, Kristoffer",EURO,2022-08-29 14:19:48 UTC,anyone ranked outside top 500 in OWGR appear as 501
0,USA,437,19396,-1.04487047771344,501,"Knapp, Jake",KFT,2022-08-29 14:19:48 UTC,anyone ranked outside top 500 in OWGR appear as 501
0,USA,438,15427,-1.04629203056573,491,"Harkins, Brandon",KFT,2022-08-29 14:19:48 UTC,anyone ranked outside top 500 in OWGR appear as 501
0,AUS,439,7532,-1.04807940532839,362,"Ormsby, Wade",EURO,2022-08-29 14:19:48 UTC,anyone ranked outside top 500 in OWGR appear as 501
0,USA,440,11594,-1.04861843575811,501,"McCarthy, Dan",KFT,2022-08-29 14:19:48 UTC,anyone ranked outside top 500 in OWGR appear as 501
0,SCO,441,24352,-1.0499839655192,501,"Howie, Craig",EURO,2022-08-29 14:19:48 UTC,anyone ranked outside top 500 in OWGR appear as 501
0,DEN,442,15680,-1.05384863585242,269,"Winther, Jeff",EURO,2022-08-29 14:19:48 UTC,anyone ranked outside top 500 in OWGR appear as 501
0,FRA,443,16566,-1.0559809451666602,501,"Barjon, Paul",PGA,2022-08-29 14:19:48 UTC,anyone ranked outside top 500 in OWGR appear as 501
0,USA,444,21756,-1.06136636015207,501,"Cole, Eric",KFT,2022-08-29 14:19:48 UTC,anyone ranked outside top 500 in OWGR appear as 501
0,DEN,445,14284,-1.06376377628622,219,"Hansen, Joachim B",EURO,2022-08-29 14:19:48 UTC,anyone ranked outside top 500 in OWGR appear as 501
0,ENG,446,7895,-1.07016539740004,501,"Rock, Robert",EURO,2022-08-29 14:19:48 UTC,anyone ranked outside top 500 in OWGR appear as 501
0,KOR,447,7881,-1.07104854957869,501,"Kang, Sung",PGA,2022-08-29 14:19:48 UTC,anyone ranked outside top 500 in OWGR appear as 501
0,USA,448,19909,-1.07209739439483,501,"Gellerman, Michael",PGA,2022-08-29 14:19:48 UTC,anyone ranked outside top 500 in OWGR appear as 501
0,USA,449,29318,-1.0741423111854,501,"McAllister, Logan",AM,2022-08-29 14:19:48 UTC,anyone ranked outside top 500 in OWGR appear as 501
0,DEN,450,20206,-1.07596009944832,238,"Jorgensen, Oliver",CHA,2022-08-29 14:19:48 UTC,anyone ranked outside top 500 in OWGR appear as 501
0,USA,451,18695,-1.07639788432353,407,"Hagy, Brandon",PGA,2022-08-29 14:19:48 UTC,anyone ranked outside top 500 in OWGR appear as 501
0,JPN,452,14209,-1.07817334187935,134,"Kozuma, Jinichiro",JPN,2022-08-29 14:19:48 UTC,anyone ranked outside top 500 in OWGR appear as 501
0,USA,453,27996,-1.07993359717184,501,"Cummins, Quade",KFT,2022-08-29 14:19:48 UTC,anyone ranked outside top 500 in OWGR appear as 501
0,USA,454,26211,-1.08334481965653,501,"Augenstein, John",KFT,2022-08-29 14:19:48 UTC,anyone ranked outside top 500 in OWGR appear as 501
0,KOR,455,20780,-1.08494659455057,234,"Kim, Minkyu",KOR,2022-08-29 14:19:48 UTC,anyone ranked outside top 500 in OWGR appear as 501
0,ENG,456,11230,-1.08824320149849,386,"Horsey, David",EURO,2022-08-29 14:19:48 UTC,anyone ranked outside top 500 in OWGR appear as 501
0,USA,457,18869,-1.08842551343374,501,"Lamb, Rick",KFT,2022-08-29 14:19:48 UTC,anyone ranked outside top 500 in OWGR appear as 501
1,ARG,458,24294,-1.09503969525536,501,"Fernandez de oliveira, Mateo",AM,2022-08-29 14:19:48 UTC,anyone ranked outside top 500 in OWGR appear as 501
0,USA,459,12069,-1.09681969437827,471,"Stanley, Kyle",PGA,2022-08-29 14:19:48 UTC,anyone ranked outside top 500 in OWGR appear as 501
0,USA,460,18536,-1.09683197131369,444,"McCormick, Ryan",KFT,2022-08-29 14:19:48 UTC,anyone ranked outside top 500 in OWGR appear as 501
0,USA,461,19864,-1.09772129754835,501,"Hammer, Cole",AM,2022-08-29 14:19:48 UTC,anyone ranked outside top 500 in OWGR appear as 501
0,USA,462,16341,-1.10293378828414,410,"Peterson, Paul",ASA,2022-08-29 14:19:48 UTC,anyone ranked outside top 500 in OWGR appear as 501
0,USA,463,11354,-1.1060657618995802,501,"Stegmaier, Brett",KFT,2022-08-29 14:19:48 UTC,anyone ranked outside top 500 in OWGR appear as 501
0,USA,464,17508,-1.11143826414345,501,"Gribble, Cody",KFT,2022-08-29 14:19:48 UTC,anyone ranked outside top 500 in OWGR appear as 501
0,GER,465,290,-1.11175571504097,501,"Langer, Bernhard",CHAMP,2022-08-29 14:19:48 UTC,anyone ranked outside top 500 in OWGR appear as 501
0,USA,466,17280,-1.1121794786737,468,"Vogel, T.J.",KFT,2022-08-29 14:19:48 UTC,anyone ranked outside top 500 in OWGR appear as 501
0,USA,467,23048,-1.11566511380653,459,"Stanger, Jimmy",KFT,2022-08-29 14:19:48 UTC,anyone ranked outside top 500 in OWGR appear as 501
0,RSA,468,16897,-1.1176384709366598,389,"Lombard, Zander",EURO,2022-08-29 14:19:48 UTC,anyone ranked outside top 500 in OWGR appear as 501
0,USA,469,14821,-1.12112995818526,501,"Todd, Jarin",ASA,2022-08-29 14:19:48 UTC,anyone ranked outside top 500 in OWGR appear as 501
0,USA,470,11329,-1.12297651893288,501,"Reifers, Kyle",KFT,2022-08-29 14:19:48 UTC,anyone ranked outside top 500 in OWGR appear as 501
0,USA,471,10423,-1.12554843223969,369,"Brehm, Ryan",PGA,2022-08-29 14:19:48 UTC,anyone ranked outside top 500 in OWGR appear as 501
0,AUS,472,19232,-1.1310727711513702,440,"Smyth, Travis",ASA,2022-08-29 14:19:48 UTC,anyone ranked outside top 500 in OWGR appear as 501
0,USA,473,19395,-1.13346598717877,501,"Thompson, Curtis",KFT,2022-08-29 14:19:48 UTC,anyone ranked outside top 500 in OWGR appear as 501
0,CAN,474,17381,-1.1354073478098,501,"Silverman, Ben",KFT,2022-08-29 14:19:48 UTC,anyone ranked outside top 500 in OWGR appear as 501
0,POR,475,18722,-1.13567255601782,251,"Gouveia, Ricardo",CHA,2022-08-29 14:19:48 UTC,anyone ranked outside top 500 in OWGR appear as 501
1,USA,476,29770,-1.13841944115586,501,"Mouw, William",AM,2022-08-29 14:19:48 UTC,anyone ranked outside top 500 in OWGR appear as 501
0,USA,477,18658,-1.13915718156508,501,"Garber, Joey",KFT,2022-08-29 14:19:48 UTC,anyone ranked outside top 500 in OWGR appear as 501
0,USA,478,23656,-1.1400432106933502,418,"Young, Carson",KFT,2022-08-29 14:19:48 UTC,anyone ranked outside top 500 in OWGR appear as 501
0,USA,479,25285,-1.14016015891454,501,"Chiarella, Alex",KFT,2022-08-29 14:19:48 UTC,anyone ranked outside top 500 in OWGR appear as 501
0,USA,480,17570,-1.14062299357797,476,"Creel, Joshua",KFT,2022-08-29 14:19:48 UTC,anyone ranked outside top 500 in OWGR appear as 501
0,USA,481,14655,-1.14367005823003,501,"Murray, Grayson",PGA,2022-08-29 14:19:48 UTC,anyone ranked outside top 500 in OWGR appear as 501
0,USA,482,27559,-1.15046774547754,501,"Crouch, A.J.",KFT,2022-08-29 14:19:48 UTC,anyone ranked outside top 500 in OWGR appear as 501
0,GER,483,22231,-1.15138731153596,455,"Von Dellingshausen, Nicolai",EURO,2022-08-29 14:19:48 UTC,anyone ranked outside top 500 in OWGR appear as 501
0,USA,484,27420,-1.1516953060876798,501,"Dickson, Taylor",KFT,2022-08-29 14:19:48 UTC,anyone ranked outside top 500 in OWGR appear as 501
0,ENG,485,16400,-1.1575203258554,501,"Porteous, Garrick",EURO,2022-08-29 14:19:48 UTC,anyone ranked outside top 500 in OWGR appear as 501
0,GUA,486,8670,-1.16690656172662,501,"Toledo, Jos",SAM,2022-08-29 14:19:48 UTC,anyone ranked outside top 500 in OWGR appear as 501
1,RSA,487,24343,-1.17106839412673,501,"Lamprecht, Christo",AM,2022-08-29 14:19:48 UTC,anyone ranked outside top 500 in OWGR appear as 501
0,USA,488,28539,-1.17410432829281,501,"Feagler, Clay",KFT,2022-08-29 14:19:48 UTC,anyone ranked outside top 500 in OWGR appear as 501
0,USA,489,23599,-1.17571940779395,501,"Westmoreland, Kyle",KFT,2022-08-29 14:19:48 UTC,anyone ranked outside top 500 in OWGR appear as 501
0,CAN,490,18571,-1.1814799701197398,501,"Macdonald, Stuart",KFT,2022-08-29 14:19:48 UTC,anyone ranked outside top 500 in OWGR appear as 501
0,KOR,491,10086,-1.18695275914133,252,"Park, Sanghyun",KOR,2022-08-29 14:19:48 UTC,anyone ranked outside top 500 in OWGR appear as 501
0,GER,492,23017,-1.18852420788541,501,"Schmitt, Max",EURO,2022-08-29 14:19:48 UTC,anyone ranked outside top 500 in OWGR appear as 501
0,JPN,493,12232,-1.18888574998174,363,"Ishikawa, Ryo",JPN,2022-08-29 14:19:48 UTC,anyone ranked outside top 500 in OWGR appear as 501
0,JPN,494,16648,-1.1938865604332,253,"Tokimatsu, Ryuko",JPN,2022-08-29 14:19:48 UTC,anyone ranked outside top 500 in OWGR appear as 501
0,USA,495,29767,-1.2008255054311698,501,"Gerard, Ryan",AM,2022-08-29 14:19:48 UTC,anyone ranked outside top 500 in OWGR appear as 501
0,RSA,496,15181,-1.20153269771626,501,"Easton, Bryce",EURO,2022-08-29 14:19:48 UTC,anyone ranked outside top 500 in OWGR appear as 501
0,ESP,497,24127,-1.20181133487808,331,"Portillo, Angel Hidalgo",CHA,2022-08-29 14:19:48 UTC,anyone ranked outside top 500 in OWGR appear as 501
0,THA,498,5973,-1.2114957599608702,501,"Jaidee, Thongchai",CHAMP,2022-08-29 14:19:48 UTC,anyone ranked outside top 500 in OWGR appear as 501
0,COL,499,16591,-1.21321953502165,501,"Rozo, Marcelo",KFT,2022-08-29 14:19:48 UTC,anyone ranked outside top 500 in OWGR appear as 501
0,USA,500,4340,-1.21464320502303,501,"Toms, David",CHAMP,2022-08-29 14:19:48 UTC,anyone ranked outside top 500 in OWGR appear as 501
