am,country,datagolf_rank,dg_id,dg_skill_estimate,owgr_rank,player_name,primary_tour,last_updated,notes
0,NIR,1,10091,2.3776090355618,3,"McIlroy, Rory",PGA,2022-07-25 12:16:17 UTC,anyone ranked outside top 500 in OWGR appear as 501
0,USA,2,18417,2.0540877713868304,1,"Scheffler, Scottie",PGA,2022-07-25 12:16:17 UTC,anyone ranked outside top 500 in OWGR appear as 501
0,USA,3,19895,2.0507912772510704,6,"Schauffele, Xander",PGA,2022-07-25 12:16:17 UTC,anyone ranked outside top 500 in OWGR appear as 501
0,USA,4,15466,2.01444839384638,4,"Cantlay, Patrick",PGA,2022-07-25 12:16:17 UTC,anyone ranked outside top 500 in OWGR appear as 501
0,AUS,5,15856,1.95466311844477,2,"Smith, Cameron",PGA,2022-07-25 12:16:17 UTC,anyone ranked outside top 500 in OWGR appear as 501
0,ENG,6,17646,1.86189008959243,10,"Fitzpatrick, Matthew",PGA,2022-07-25 12:16:17 UTC,anyone ranked outside top 500 in OWGR appear as 501
0,ESP,7,19195,1.79980470231123,5,"Rahm, Jon",PGA,2022-07-25 12:16:17 UTC,anyone ranked outside top 500 in OWGR appear as 501
0,USA,8,14139,1.7287921213402502,7,"Thomas, Justin",PGA,2022-07-25 12:16:17 UTC,anyone ranked outside top 500 in OWGR appear as 501
0,IRL,9,13900,1.70327640332608,24,"Lowry, Shane",PGA,2022-07-25 12:16:17 UTC,anyone ranked outside top 500 in OWGR appear as 501
0,USA,10,11676,1.68193215766424,16,"Finau, Tony",PGA,2022-07-25 12:16:17 UTC,anyone ranked outside top 500 in OWGR appear as 501
0,USA,11,19428,1.62137570674759,13,"Zalatoris, Will",PGA,2022-07-25 12:16:17 UTC,anyone ranked outside top 500 in OWGR appear as 501
0,USA,12,12422,1.5451610789610402,17,"Johnson, Dustin",PGA,2022-07-25 12:16:17 UTC,anyone ranked outside top 500 in OWGR appear as 501
0,USA,13,19483,1.41165856618725,11,"Burns, Sam",PGA,2022-07-25 12:16:17 UTC,anyone ranked outside top 500 in OWGR appear as 501
0,ENG,14,12294,1.37617453163609,26,"Fleetwood, Tommy",PGA,2022-07-25 12:16:17 UTC,anyone ranked outside top 500 in OWGR appear as 501
0,NOR,15,18841,1.36689577974325,9,"Hovland, Viktor",PGA,2022-07-25 12:16:17 UTC,anyone ranked outside top 500 in OWGR appear as 501
0,USA,16,14636,1.36199869822218,12,"Spieth, Jordan",PGA,2022-07-25 12:16:17 UTC,anyone ranked outside top 500 in OWGR appear as 501
0,CAN,17,17576,1.32239597009208,32,"Conners, Corey",PGA,2022-07-25 12:16:17 UTC,anyone ranked outside top 500 in OWGR appear as 501
0,KOR,18,17488,1.30936948334547,21,"Im, Sungjae",PGA,2022-07-25 12:16:17 UTC,anyone ranked outside top 500 in OWGR appear as 501
0,USA,19,17538,1.27970737482825,20,"Homa, Max",PGA,2022-07-25 12:16:17 UTC,anyone ranked outside top 500 in OWGR appear as 501
0,USA,20,22085,1.26288122394737,8,"Morikawa, Collin",PGA,2022-07-25 12:16:17 UTC,anyone ranked outside top 500 in OWGR appear as 501
0,USA,21,11276,1.23202735304098,14,"Horschel, Billy",PGA,2022-07-25 12:16:17 UTC,anyone ranked outside top 500 in OWGR appear as 501
0,JPN,22,13562,1.22873118864878,15,"Matsuyama, Hideki",PGA,2022-07-25 12:16:17 UTC,anyone ranked outside top 500 in OWGR appear as 501
0,CHI,23,18079,1.17784642688853,18,"Niemann, Joaquin",PGA,2022-07-25 12:16:17 UTC,anyone ranked outside top 500 in OWGR appear as 501
0,USA,24,17606,1.15463785706081,29,"Berger, Daniel",PGA,2022-07-25 12:16:17 UTC,anyone ranked outside top 500 in OWGR appear as 501
0,USA,25,18580,1.15275748612419,41,"Gooch, Talor",PGA,2022-07-25 12:16:17 UTC,anyone ranked outside top 500 in OWGR appear as 501
0,USA,26,22051,1.142117204258,42,"Wise, Aaron",PGA,2022-07-25 12:16:17 UTC,anyone ranked outside top 500 in OWGR appear as 501
0,RSA,27,7672,1.12850686360892,25,"Oosthuizen, Louis",PGA,2022-07-25 12:16:17 UTC,anyone ranked outside top 500 in OWGR appear as 501
0,USA,28,16602,1.11709645310298,38,"Varner III, Harold",PGA,2022-07-25 12:16:17 UTC,anyone ranked outside top 500 in OWGR appear as 501
0,ENG,29,7108,1.10990585368161,31,"Casey, Paul",PGA,2022-07-25 12:16:17 UTC,anyone ranked outside top 500 in OWGR appear as 501
0,SWE,30,10419,1.08610090709191,53,"Noren, Alex",PGA,2022-07-25 12:16:17 UTC,anyone ranked outside top 500 in OWGR appear as 501
0,USA,31,13872,1.08591249078216,46,"Bradley, Keegan",PGA,2022-07-25 12:16:17 UTC,anyone ranked outside top 500 in OWGR appear as 501
0,USA,32,26651,1.0841033398470898,19,"Young, Cameron",KFT,2022-07-25 12:16:17 UTC,anyone ranked outside top 500 in OWGR appear as 501
0,USA,33,19870,1.06744650371315,87,"McCarthy, Denny",PGA,2022-07-25 12:16:17 UTC,anyone ranked outside top 500 in OWGR appear as 501
0,MEX,34,18238,1.00461985344252,22,"Ancer, Abraham",PGA,2022-07-25 12:16:17 UTC,anyone ranked outside top 500 in OWGR appear as 501
0,USA,35,17365,0.997347080462763,54,"Mitchell, Keith",PGA,2022-07-25 12:16:17 UTC,anyone ranked outside top 500 in OWGR appear as 501
0,USA,36,14578,0.990011295801177,56,"Henley, Russell",PGA,2022-07-25 12:16:17 UTC,anyone ranked outside top 500 in OWGR appear as 501
0,ENG,37,14796,0.989744846343634,28,"Hatton, Tyrrell",PGA,2022-07-25 12:16:17 UTC,anyone ranked outside top 500 in OWGR appear as 501
0,USA,38,8825,0.9759833472838432,47,"Harman, Brian",PGA,2022-07-25 12:16:17 UTC,anyone ranked outside top 500 in OWGR appear as 501
0,IRL,39,10104,0.967483285520272,37,"Power, Seamus",PGA,2022-07-25 12:16:17 UTC,anyone ranked outside top 500 in OWGR appear as 501
0,AUS,40,6430,0.950336262278662,40,"Scott, Adam",PGA,2022-07-25 12:16:17 UTC,anyone ranked outside top 500 in OWGR appear as 501
0,COL,41,20770,0.9170595768145172,55,"Munoz, Sebastian",PGA,2022-07-25 12:16:17 UTC,anyone ranked outside top 500 in OWGR appear as 501
0,CHI,42,19455,0.8841135847920741,49,"Pereira, Mito",PGA,2022-07-25 12:16:17 UTC,anyone ranked outside top 500 in OWGR appear as 501
0,USA,43,6169,0.8763457850861059,75,"Kuchar, Matt",PGA,2022-07-25 12:16:17 UTC,anyone ranked outside top 500 in OWGR appear as 501
0,USA,44,12423,0.856945196165701,57,"Kirk, Chris",PGA,2022-07-25 12:16:17 UTC,anyone ranked outside top 500 in OWGR appear as 501
0,BEL,45,13944,0.8514263270396609,35,"Pieters, Thomas",EURO,2022-07-25 12:16:17 UTC,anyone ranked outside top 500 in OWGR appear as 501
0,NZL,46,11889,0.850050668420125,48,"Fox, Ryan",EURO,2022-07-25 12:16:17 UTC,anyone ranked outside top 500 in OWGR appear as 501
0,USA,47,16333,0.8139689440421569,178,"Hubbard, Mark",PGA,2022-07-25 12:16:17 UTC,anyone ranked outside top 500 in OWGR appear as 501
0,USA,48,18634,0.802578719304673,73,"McNealy, Maverick",PGA,2022-07-25 12:16:17 UTC,anyone ranked outside top 500 in OWGR appear as 501
0,USA,49,14838,0.7812289103908721,45,"Reed, Patrick",PGA,2022-07-25 12:16:17 UTC,anyone ranked outside top 500 in OWGR appear as 501
0,CAN,50,13965,0.7809550853075029,85,"Hadwin, Adam",PGA,2022-07-25 12:16:17 UTC,anyone ranked outside top 500 in OWGR appear as 501
0,ENG,51,6093,0.7740203679189491,51,"Rose, Justin",PGA,2022-07-25 12:16:17 UTC,anyone ranked outside top 500 in OWGR appear as 501
0,USA,52,21554,0.7681395739301871,60,"Poston, J.T.",PGA,2022-07-25 12:16:17 UTC,anyone ranked outside top 500 in OWGR appear as 501
0,USA,53,11049,0.754894461693379,72,"Simpson, Webb",PGA,2022-07-25 12:16:17 UTC,anyone ranked outside top 500 in OWGR appear as 501
0,KOR,54,14609,0.7451822298699861,62,"Kim, Si Woo",PGA,2022-07-25 12:16:17 UTC,anyone ranked outside top 500 in OWGR appear as 501
0,USA,55,15473,0.7433313936875892,189,"Long, Adam",PGA,2022-07-25 12:16:17 UTC,anyone ranked outside top 500 in OWGR appear as 501
0,USA,56,12337,0.7409173949826391,36,"Kokrak, Jason",PGA,2022-07-25 12:16:17 UTC,anyone ranked outside top 500 in OWGR appear as 501
0,USA,57,14013,0.735641411898018,50,"Tringale, Cameron",PGA,2022-07-25 12:16:17 UTC,anyone ranked outside top 500 in OWGR appear as 501
0,AUS,58,17786,0.7243686171955591,71,"Davis, Cameron",PGA,2022-07-25 12:16:17 UTC,anyone ranked outside top 500 in OWGR appear as 501
0,USA,59,19841,0.7184966869166299,30,"DeChambeau, Bryson",PGA,2022-07-25 12:16:17 UTC,anyone ranked outside top 500 in OWGR appear as 501
0,USA,60,19872,0.7183256169222121,77,"Riley, Davis",PGA,2022-07-25 12:16:17 UTC,anyone ranked outside top 500 in OWGR appear as 501
0,USA,61,7334,0.703260868939186,86,"Watson, Bubba",PGA,2022-07-25 12:16:17 UTC,anyone ranked outside top 500 in OWGR appear as 501
0,RSA,62,18103,0.701189185022899,58,"Bezuidenhout, Christiaan",PGA,2022-07-25 12:16:17 UTC,anyone ranked outside top 500 in OWGR appear as 501
0,USA,63,12359,0.665176940445428,122,"Stallings, Scott",PGA,2022-07-25 12:16:17 UTC,anyone ranked outside top 500 in OWGR appear as 501
0,CAN,64,17780,0.66466415078446,237,"Pendrith, Taylor",KFT,2022-07-25 12:16:17 UTC,anyone ranked outside top 500 in OWGR appear as 501
0,USA,65,7452,0.656854904487572,34,"Na, Kevin",PGA,2022-07-25 12:16:17 UTC,anyone ranked outside top 500 in OWGR appear as 501
0,USA,66,6892,0.646530638306933,169,"Howell III, Charles",PGA,2022-07-25 12:16:17 UTC,anyone ranked outside top 500 in OWGR appear as 501
0,ENG,67,18586,0.6459411438684399,115,"Smith, Jordan",EURO,2022-07-25 12:16:17 UTC,anyone ranked outside top 500 in OWGR appear as 501
0,USA,68,12577,0.638380957560361,88,"Woodland, Gary",PGA,2022-07-25 12:16:17 UTC,anyone ranked outside top 500 in OWGR appear as 501
0,ESP,69,5689,0.636257550402693,70,"Garcia, Sergio",PGA,2022-07-25 12:16:17 UTC,anyone ranked outside top 500 in OWGR appear as 501
0,POL,70,14196,0.6214537275458449,63,"Meronk, Adrian",EURO,2022-07-25 12:16:17 UTC,anyone ranked outside top 500 in OWGR appear as 501
0,USA,71,11328,0.620378106708679,27,"Kisner, Kevin",PGA,2022-07-25 12:16:17 UTC,anyone ranked outside top 500 in OWGR appear as 501
0,RSA,72,11952,0.602739546297709,134,"Grace, Branden",PGA,2022-07-25 12:16:17 UTC,anyone ranked outside top 500 in OWGR appear as 501
0,USA,73,11019,0.574324989005069,113,"Steele, Brendan",PGA,2022-07-25 12:16:17 UTC,anyone ranked outside top 500 in OWGR appear as 501
0,USA,74,16243,0.571866402726349,23,"Koepka, Brooks",PGA,2022-07-25 12:16:17 UTC,anyone ranked outside top 500 in OWGR appear as 501
0,KOR,75,13497,0.568816776566532,44,"Lee, Kyounghoon",PGA,2022-07-25 12:16:17 UTC,anyone ranked outside top 500 in OWGR appear as 501
0,AUS,76,7649,0.560983148690499,59,"Leishman, Marc",PGA,2022-07-25 12:16:17 UTC,anyone ranked outside top 500 in OWGR appear as 501
0,USA,77,23014,0.550272915755055,64,"Theegala, Sahith",PGA,2022-07-25 12:16:17 UTC,anyone ranked outside top 500 in OWGR appear as 501
0,USA,78,15575,0.544700029093012,43,"Hoge, Tom",PGA,2022-07-25 12:16:17 UTC,anyone ranked outside top 500 in OWGR appear as 501
0,USA,79,8480,0.532604337763507,105,"Streelman, Kevin",PGA,2022-07-25 12:16:17 UTC,anyone ranked outside top 500 in OWGR appear as 501
0,AUS,80,17064,0.524654860387338,52,"Herbert, Lucas",PGA,2022-07-25 12:16:17 UTC,anyone ranked outside top 500 in OWGR appear as 501
0,VEN,81,13508,0.5072260641694271,103,"Vegas, Jhonattan",PGA,2022-07-25 12:16:17 UTC,anyone ranked outside top 500 in OWGR appear as 501
0,USA,82,6762,0.4928938189101149,185,"Perez, Pat",PGA,2022-07-25 12:16:17 UTC,anyone ranked outside top 500 in OWGR appear as 501
0,ARG,83,12808,0.490837861124369,104,"Grillo, Emiliano",PGA,2022-07-25 12:16:17 UTC,anyone ranked outside top 500 in OWGR appear as 501
0,USA,84,12425,0.48706375940176,120,"Todd, Brendon",PGA,2022-07-25 12:16:17 UTC,anyone ranked outside top 500 in OWGR appear as 501
0,USA,85,13367,0.4781421713881189,108,"Merritt, Troy",PGA,2022-07-25 12:16:17 UTC,anyone ranked outside top 500 in OWGR appear as 501
0,USA,86,16283,0.476452452619704,218,"Rodgers, Patrick",PGA,2022-07-25 12:16:17 UTC,anyone ranked outside top 500 in OWGR appear as 501
0,TPE,87,15475,0.463366376003791,142,"Pan, C.T.",PGA,2022-07-25 12:16:17 UTC,anyone ranked outside top 500 in OWGR appear as 501
0,RSA,88,14424,0.44812471610108,65,"Burmester, Dean",EURO,2022-07-25 12:16:17 UTC,anyone ranked outside top 500 in OWGR appear as 501
0,ENG,89,18554,0.445754900522696,137,"Rai, Aaron",PGA,2022-07-25 12:16:17 UTC,anyone ranked outside top 500 in OWGR appear as 501
0,SCO,90,9586,0.428909501742109,154,"Laird, Martin",PGA,2022-07-25 12:16:17 UTC,anyone ranked outside top 500 in OWGR appear as 501
0,AUS,91,9771,0.4190274728797379,150,"Day, Jason",PGA,2022-07-25 12:16:17 UTC,anyone ranked outside top 500 in OWGR appear as 501
0,USA,92,18474,0.415421028976873,139,"Smalley, Alex",PGA,2022-07-25 12:16:17 UTC,anyone ranked outside top 500 in OWGR appear as 501
0,USA,93,7960,0.40712711889441,68,"List, Luke",PGA,2022-07-25 12:16:17 UTC,anyone ranked outside top 500 in OWGR appear as 501
0,KOR,94,24766,0.402386434758447,39,"Kim, Joohyung",PGA,2022-07-25 12:16:17 UTC,anyone ranked outside top 500 in OWGR appear as 501
0,CAN,95,15556,0.378542162450966,76,"Hughes, Mackenzie",PGA,2022-07-25 12:16:17 UTC,anyone ranked outside top 500 in OWGR appear as 501
0,USA,96,7961,0.377089069436391,119,"Reavie, Chez",PGA,2022-07-25 12:16:17 UTC,anyone ranked outside top 500 in OWGR appear as 501
0,USA,97,14577,0.357810668124737,33,"English, Harris",PGA,2022-07-25 12:16:17 UTC,anyone ranked outside top 500 in OWGR appear as 501
0,USA,98,25442,0.347056905632188,192,"Montgomery, Taylor",KFT,2022-07-25 12:16:17 UTC,anyone ranked outside top 500 in OWGR appear as 501
0,USA,99,19865,0.346388079024013,233,"Hardy, Nick",KFT,2022-07-25 12:16:17 UTC,anyone ranked outside top 500 in OWGR appear as 501
0,USA,100,14509,0.345764708426132,118,"Dahmen, Joel",PGA,2022-07-25 12:16:17 UTC,anyone ranked outside top 500 in OWGR appear as 501
0,USA,101,4818,0.318990040742568,501,"Stricker, Steve",CHAMP,2022-07-25 12:16:17 UTC,anyone ranked outside top 500 in OWGR appear as 501
0,ENG,102,19866,0.302193584906543,90,"Horsfield, Sam",EURO,2022-07-25 12:16:17 UTC,anyone ranked outside top 500 in OWGR appear as 501
0,CAN,103,13997,0.293138157330256,152,"Svensson, Adam",KFT,2022-07-25 12:16:17 UTC,anyone ranked outside top 500 in OWGR appear as 501
0,USA,104,15330,0.27840983350714,124,"Griffin, Lanto",PGA,2022-07-25 12:16:17 UTC,anyone ranked outside top 500 in OWGR appear as 501
0,USA,105,23604,0.2719580991927,219,"Clark, Wyndham",PGA,2022-07-25 12:16:17 UTC,anyone ranked outside top 500 in OWGR appear as 501
0,USA,106,5665,0.266279444813738,94,"Cink, Stewart",PGA,2022-07-25 12:16:17 UTC,anyone ranked outside top 500 in OWGR appear as 501
0,ENG,107,20519,0.264255595424355,303,"Tarren, Callum",KFT,2022-07-25 12:16:17 UTC,anyone ranked outside top 500 in OWGR appear as 501
0,USA,108,14704,0.25532757558609,143,"Putnam, Andrew",PGA,2022-07-25 12:16:17 UTC,anyone ranked outside top 500 in OWGR appear as 501
0,USA,109,24550,0.2488948683115319,183,"Ghim, Doug",PGA,2022-07-25 12:16:17 UTC,anyone ranked outside top 500 in OWGR appear as 501
0,USA,110,7820,0.236456999494676,114,"Palmer, Ryan",PGA,2022-07-25 12:16:17 UTC,anyone ranked outside top 500 in OWGR appear as 501
0,RSA,111,10886,0.2342227650502589,123,"Harding, Justin",EURO,2022-07-25 12:16:17 UTC,anyone ranked outside top 500 in OWGR appear as 501
0,ITA,112,7655,0.231686953242283,147,"Molinari, Francesco",PGA,2022-07-25 12:16:17 UTC,anyone ranked outside top 500 in OWGR appear as 501
0,AUS,113,8605,0.2300532402143719,84,"Jones, Matt",PGA,2022-07-25 12:16:17 UTC,anyone ranked outside top 500 in OWGR appear as 501
0,USA,114,16433,0.224132981341731,155,"NeSmith, Matthew",PGA,2022-07-25 12:16:17 UTC,anyone ranked outside top 500 in OWGR appear as 501
0,USA,115,25908,0.220852118813635,271,"Whaley, Vincent",PGA,2022-07-25 12:16:17 UTC,anyone ranked outside top 500 in OWGR appear as 501
0,SCO,116,23323,0.22077507173028,98,"Macintyre, Robert",EURO,2022-07-25 12:16:17 UTC,anyone ranked outside top 500 in OWGR appear as 501
0,RSA,117,17550,0.214435605336753,83,"Van Rooyen, Erik",PGA,2022-07-25 12:16:17 UTC,anyone ranked outside top 500 in OWGR appear as 501
0,BEL,118,14181,0.210799972369828,145,"Detry, Thomas",EURO,2022-07-25 12:16:17 UTC,anyone ranked outside top 500 in OWGR appear as 501
0,ESP,119,23236,0.206011301168748,61,"Arnaus, Adri",EURO,2022-07-25 12:16:17 UTC,anyone ranked outside top 500 in OWGR appear as 501
0,USA,120,15980,0.200108178814063,202,"Lipsky, David",PGA,2022-07-25 12:16:17 UTC,anyone ranked outside top 500 in OWGR appear as 501
0,USA,121,23482,0.196953205537333,194,"Sigg, Greyson",PGA,2022-07-25 12:16:17 UTC,anyone ranked outside top 500 in OWGR appear as 501
0,USA,122,12965,0.188667460870542,156,"Fowler, Rickie",PGA,2022-07-25 12:16:17 UTC,anyone ranked outside top 500 in OWGR appear as 501
0,ENG,123,12920,0.188097768110965,136,"Willett, Danny",PGA,2022-07-25 12:16:17 UTC,anyone ranked outside top 500 in OWGR appear as 501
0,IND,124,12669,0.185459789428249,97,"Lahiri, Anirban",PGA,2022-07-25 12:16:17 UTC,anyone ranked outside top 500 in OWGR appear as 501
0,RSA,125,11955,0.16832148388345,146,"Frittelli, Dylan",PGA,2022-07-25 12:16:17 UTC,anyone ranked outside top 500 in OWGR appear as 501
0,SCO,126,13831,0.155390444014309,187,"Knox, Russell",PGA,2022-07-25 12:16:17 UTC,anyone ranked outside top 500 in OWGR appear as 501
0,SWE,127,14775,0.1540294109527709,164,"Bjork, Alexander",EURO,2022-07-25 12:16:17 UTC,anyone ranked outside top 500 in OWGR appear as 501
0,FIN,128,9252,0.144815689012181,219,"Korhonen, Mikko",EURO,2022-07-25 12:16:17 UTC,anyone ranked outside top 500 in OWGR appear as 501
0,ARG,129,16796,0.140934796482105,318,"Nunez, Augusto",KFT,2022-07-25 12:16:17 UTC,anyone ranked outside top 500 in OWGR appear as 501
0,RSA,130,19421,0.139308657778739,144,"Du Plessis, Hennie",CHA,2022-07-25 12:16:17 UTC,anyone ranked outside top 500 in OWGR appear as 501
0,USA,131,14926,0.130606701584451,280,"Malnati, Peter",PGA,2022-07-25 12:16:17 UTC,anyone ranked outside top 500 in OWGR appear as 501
0,USA,132,17536,0.130465638506013,112,"Spaun, J.J.",PGA,2022-07-25 12:16:17 UTC,anyone ranked outside top 500 in OWGR appear as 501
0,ENG,133,1435,0.122161057344278,107,"Poulter, Ian",PGA,2022-07-25 12:16:17 UTC,anyone ranked outside top 500 in OWGR appear as 501
0,RSA,134,18105,0.119353552402601,130,"Lawrence, Thriston",EURO,2022-07-25 12:16:17 UTC,anyone ranked outside top 500 in OWGR appear as 501
0,FRA,135,16652,0.1166743996541439,247,"Langasque, Romain",EURO,2022-07-25 12:16:17 UTC,anyone ranked outside top 500 in OWGR appear as 501
0,CAN,136,13126,0.111093893309899,252,"Taylor, Nick",PGA,2022-07-25 12:16:17 UTC,anyone ranked outside top 500 in OWGR appear as 501
0,SWE,137,5994,0.10840436824044,173,"Stenson, Henrik",PGA,2022-07-25 12:16:17 UTC,anyone ranked outside top 500 in OWGR appear as 501
0,GER,138,25138,0.107321268990055,181,"Long, Hurly",CHA,2022-07-25 12:16:17 UTC,anyone ranked outside top 500 in OWGR appear as 501
0,USA,139,11374,0.104108368410549,225,"Hahn, James",PGA,2022-07-25 12:16:17 UTC,anyone ranked outside top 500 in OWGR appear as 501
0,DEN,140,13412,0.0891794507644152,153,"Olesen, Thorbjorn",EURO,2022-07-25 12:16:17 UTC,anyone ranked outside top 500 in OWGR appear as 501
0,USA,141,10943,0.0829990029397125,288,"Lashley, Nate",PGA,2022-07-25 12:16:17 UTC,anyone ranked outside top 500 in OWGR appear as 501
0,USA,142,22985,0.082114471022362,285,"Smotherman, Austin",KFT,2022-07-25 12:16:17 UTC,anyone ranked outside top 500 in OWGR appear as 501
0,ESP,143,14975,0.0804263145960281,179,"Otaegui, Adrian",EURO,2022-07-25 12:16:17 UTC,anyone ranked outside top 500 in OWGR appear as 501
0,USA,144,18187,0.0773564667515345,376,"Duncan, Tyler",PGA,2022-07-25 12:16:17 UTC,anyone ranked outside top 500 in OWGR appear as 501
0,USA,145,19477,0.0731445760184699,162,"Schenk, Adam",PGA,2022-07-25 12:16:17 UTC,anyone ranked outside top 500 in OWGR appear as 501
0,RSA,146,7398,0.06498477248664,121,"Schwartzel, Charl",PGA,2022-07-25 12:16:17 UTC,anyone ranked outside top 500 in OWGR appear as 501
0,NZL,147,4871,0.0647385842887699,501,"Alker, Steven",CHAMP,2022-07-25 12:16:17 UTC,anyone ranked outside top 500 in OWGR appear as 501
0,FRA,148,20730,0.0644687872445394,101,"Perez, Victor",EURO,2022-07-25 12:16:17 UTC,anyone ranked outside top 500 in OWGR appear as 501
0,AUS,149,12734,0.063540603996877,174,"Scrivener, Jason",EURO,2022-07-25 12:16:17 UTC,anyone ranked outside top 500 in OWGR appear as 501
0,SCO,150,11396,0.0611473851991003,175,"Ramsay, Richie",EURO,2022-07-25 12:16:17 UTC,anyone ranked outside top 500 in OWGR appear as 501
0,USA,151,15470,0.0575493903598488,167,"Hossler, Beau",PGA,2022-07-25 12:16:17 UTC,anyone ranked outside top 500 in OWGR appear as 501
0,DEN,152,23838,0.0572012665337801,149,"Hojgaard, Rasmus",EURO,2022-07-25 12:16:17 UTC,anyone ranked outside top 500 in OWGR appear as 501
0,USA,153,21891,0.0528368416068002,66,"Kitayama, Kurt",PGA,2022-07-25 12:16:17 UTC,anyone ranked outside top 500 in OWGR appear as 501
0,USA,154,22050,0.0471853914115209,327,"Suh, Justin",KFT,2022-07-25 12:16:17 UTC,anyone ranked outside top 500 in OWGR appear as 501
0,ITA,155,7033,0.0366242899798482,249,"Molinari, Edoardo",EURO,2022-07-25 12:16:17 UTC,anyone ranked outside top 500 in OWGR appear as 501
0,PAR,156,9842,0.0299578974597791,231,"Zanotti, Fabrizio",EURO,2022-07-25 12:16:17 UTC,anyone ranked outside top 500 in OWGR appear as 501
0,USA,157,12946,0.0294803299710281,236,"Thompson, Michael",PGA,2022-07-25 12:16:17 UTC,anyone ranked outside top 500 in OWGR appear as 501
0,CAN,158,13404,0.0291433032626702,412,"Gligic, Michael",PGA,2022-07-25 12:16:17 UTC,anyone ranked outside top 500 in OWGR appear as 501
0,USA,159,16039,0.0283284421300908,216,"Haley II, Paul",KFT,2022-07-25 12:16:17 UTC,anyone ranked outside top 500 in OWGR appear as 501
0,RSA,160,12819,0.0219143987613903,99,"Bekker, Oliver",CHA,2022-07-25 12:16:17 UTC,anyone ranked outside top 500 in OWGR appear as 501
0,USA,161,25157,-0.0051309398681803,234,"Hodges, Lee",PGA,2022-07-25 12:16:17 UTC,anyone ranked outside top 500 in OWGR appear as 501
0,AUS,162,16841,-0.0062646317875365,69,"Lee, Min Woo",EURO,2022-07-25 12:16:17 UTC,anyone ranked outside top 500 in OWGR appear as 501
0,USA,163,26653,-0.0076510071214213,379,"Eckroat, Austin",KFT,2022-07-25 12:16:17 UTC,anyone ranked outside top 500 in OWGR appear as 501
0,USA,164,14606,-0.0108490638781341,239,"Huh, John",PGA,2022-07-25 12:16:17 UTC,anyone ranked outside top 500 in OWGR appear as 501
0,CHN,165,17266,-0.0174737556527567,125,"Yuan, Yechun",KFT,2022-07-25 12:16:17 UTC,anyone ranked outside top 500 in OWGR appear as 501
0,ESP,166,9133,-0.0209687132669737,74,"Larrazabal, Pablo",EURO,2022-07-25 12:16:17 UTC,anyone ranked outside top 500 in OWGR appear as 501
0,USA,167,7899,-0.0281833403898566,246,"Piercy, Scott",PGA,2022-07-25 12:16:17 UTC,anyone ranked outside top 500 in OWGR appear as 501
0,RSA,168,17068,-0.0302393030207467,243,"Daffue, MJ",KFT,2022-07-25 12:16:17 UTC,anyone ranked outside top 500 in OWGR appear as 501
0,USA,169,7399,-0.0474438109542347,128,"Glover, Lucas",PGA,2022-07-25 12:16:17 UTC,anyone ranked outside top 500 in OWGR appear as 501
0,AUT,170,17511,-0.0489922630822318,67,"Straka, Sepp",PGA,2022-07-25 12:16:17 UTC,anyone ranked outside top 500 in OWGR appear as 501
0,ENG,171,4052,-0.0502273475070658,92,"Westwood, Lee",PGA,2022-07-25 12:16:17 UTC,anyone ranked outside top 500 in OWGR appear as 501
0,SVK,172,6283,-0.0534050310026066,176,"Sabbatini, Rory",PGA,2022-07-25 12:16:17 UTC,anyone ranked outside top 500 in OWGR appear as 501
0,USA,173,13470,-0.0540698914098415,159,"Kizzire, Patton",PGA,2022-07-25 12:16:17 UTC,anyone ranked outside top 500 in OWGR appear as 501
0,ENG,174,17813,-0.0558388114127654,197,"Armitage, Marcus",EURO,2022-07-25 12:16:17 UTC,anyone ranked outside top 500 in OWGR appear as 501
0,MEX,175,14735,-0.0570160092039895,133,"Ortiz, Carlos",PGA,2022-07-25 12:16:17 UTC,anyone ranked outside top 500 in OWGR appear as 501
0,NZL,176,11826,-0.0576185074192904,259,"Lee, Danny",PGA,2022-07-25 12:16:17 UTC,anyone ranked outside top 500 in OWGR appear as 501
0,AUT,177,15016,-0.0589657204707609,222,"Schwab, Matthias",PGA,2022-07-25 12:16:17 UTC,anyone ranked outside top 500 in OWGR appear as 501
0,USA,178,6986,-0.0590088287056361,300,"Johnson, Zach",PGA,2022-07-25 12:16:17 UTC,anyone ranked outside top 500 in OWGR appear as 501
0,USA,179,23542,-0.0629183771765039,129,"Champ, Cameron",PGA,2022-07-25 12:16:17 UTC,anyone ranked outside top 500 in OWGR appear as 501
0,USA,180,21943,-0.0701727452461212,282,"Lebioda, Hank",PGA,2022-07-25 12:16:17 UTC,anyone ranked outside top 500 in OWGR appear as 501
0,GER,181,16394,-0.0810350511471424,205,"Jaeger, Stephan",PGA,2022-07-25 12:16:17 UTC,anyone ranked outside top 500 in OWGR appear as 501
0,ENG,182,6516,-0.0850084157007437,82,"Bland, Richard",EURO,2022-07-25 12:16:17 UTC,anyone ranked outside top 500 in OWGR appear as 501
0,USA,183,27774,-0.0896126473905221,455,"Gotterup, Chris",AM,2022-07-25 12:16:17 UTC,anyone ranked outside top 500 in OWGR appear as 501
0,ENG,184,14795,-0.0974890840173481,135,"Canter, Laurie",EURO,2022-07-25 12:16:17 UTC,anyone ranked outside top 500 in OWGR appear as 501
0,USA,185,11451,-0.0991730533648785,315,"Garnett, Brice",PGA,2022-07-25 12:16:17 UTC,anyone ranked outside top 500 in OWGR appear as 501
0,USA,186,16715,-0.10436130649734,268,"Ryder, Sam",PGA,2022-07-25 12:16:17 UTC,anyone ranked outside top 500 in OWGR appear as 501
0,USA,187,18761,-0.107231007234394,166,"Mullinax, Trey",KFT,2022-07-25 12:16:17 UTC,anyone ranked outside top 500 in OWGR appear as 501
0,USA,188,21944,-0.109818306501296,184,"Moore, Taylor",KFT,2022-07-25 12:16:17 UTC,anyone ranked outside top 500 in OWGR appear as 501
0,USA,189,17723,-0.117697308614233,392,"Lower, Justin",KFT,2022-07-25 12:16:17 UTC,anyone ranked outside top 500 in OWGR appear as 501
0,USA,190,25213,-0.118701911357667,221,"Wu, Brandon",KFT,2022-07-25 12:16:17 UTC,anyone ranked outside top 500 in OWGR appear as 501
0,USA,191,7305,-0.125071849370834,501,"Gutschewski, Scott",KFT,2022-07-25 12:16:17 UTC,anyone ranked outside top 500 in OWGR appear as 501
0,USA,192,25363,-0.125516831754642,223,"Buckley, Hayden",KFT,2022-07-25 12:16:17 UTC,anyone ranked outside top 500 in OWGR appear as 501
0,USA,193,17543,-0.131242785680711,449,"Kim, Michael",PGA,2022-07-25 12:16:17 UTC,anyone ranked outside top 500 in OWGR appear as 501
0,AUT,194,9531,-0.132625266217708,110,"Wiesberger, Bernd",EURO,2022-07-25 12:16:17 UTC,anyone ranked outside top 500 in OWGR appear as 501
0,GER,195,19898,-0.14256089387706,182,"Paul, Yannik",CHA,2022-07-25 12:16:17 UTC,anyone ranked outside top 500 in OWGR appear as 501
0,USA,196,19840,-0.14793077839517,141,"Ramey, Chad",KFT,2022-07-25 12:16:17 UTC,anyone ranked outside top 500 in OWGR appear as 501
0,USA,197,28309,-0.157313217667516,400,"Coody, Pierceson",AM,2022-07-25 12:16:17 UTC,anyone ranked outside top 500 in OWGR appear as 501
0,USA,198,25919,-0.1708158127695759,78,"Wolff, Matthew",PGA,2022-07-25 12:16:17 UTC,anyone ranked outside top 500 in OWGR appear as 501
0,USA,199,14967,-0.173591755935734,293,"Hadley, Chesson",PGA,2022-07-25 12:16:17 UTC,anyone ranked outside top 500 in OWGR appear as 501
0,FRA,200,16363,-0.178566305535006,201,"Brun, Julien",CHA,2022-07-25 12:16:17 UTC,anyone ranked outside top 500 in OWGR appear as 501
0,USA,201,18524,-0.183825516227738,206,"Catlin, John",EURO,2022-07-25 12:16:17 UTC,anyone ranked outside top 500 in OWGR appear as 501
0,SWE,202,14018,-0.1983067626337369,232,"Dantorp, Jens",CHA,2022-07-25 12:16:17 UTC,anyone ranked outside top 500 in OWGR appear as 501
0,GER,203,12317,-0.204774087162677,272,"Kieffer, Maximilian",EURO,2022-07-25 12:16:17 UTC,anyone ranked outside top 500 in OWGR appear as 501
0,USA,204,7900,-0.2057476585191389,501,"Haas, Bill",PGA,2022-07-25 12:16:17 UTC,anyone ranked outside top 500 in OWGR appear as 501
0,USA,205,18635,-0.207756920219228,334,"Shelton, Robby",PGA,2022-07-25 12:16:17 UTC,anyone ranked outside top 500 in OWGR appear as 501
0,JPN,206,19190,-0.218293723301601,79,"Hoshino, Rikuya",JPN,2022-07-25 12:16:17 UTC,anyone ranked outside top 500 in OWGR appear as 501
0,GER,207,8117,-0.2223851473209839,267,"Kaymer, Martin",EURO,2022-07-25 12:16:17 UTC,anyone ranked outside top 500 in OWGR appear as 501
0,ESP,208,14016,-0.231756599345568,314,"Campillo, Jorge",EURO,2022-07-25 12:16:17 UTC,anyone ranked outside top 500 in OWGR appear as 501
0,USA,209,11357,-0.244292331020598,347,"Uihlein, Peter",PGA,2022-07-25 12:16:17 UTC,anyone ranked outside top 500 in OWGR appear as 501
0,USA,210,20522,-0.245751766803434,168,"Veerman, Johannes",EURO,2022-07-25 12:16:17 UTC,anyone ranked outside top 500 in OWGR appear as 501
0,CHN,211,16757,-0.247033746045332,238,"Zecheng, Marty Dou",KFT,2022-07-25 12:16:17 UTC,anyone ranked outside top 500 in OWGR appear as 501
0,USA,212,14852,-0.25057903578932,190,"Streb, Robert",PGA,2022-07-25 12:16:17 UTC,anyone ranked outside top 500 in OWGR appear as 501
0,FRA,213,19960,-0.253816312596989,244,"Pavon, Matthieu",EURO,2022-07-25 12:16:17 UTC,anyone ranked outside top 500 in OWGR appear as 501
0,ENG,214,4163,-0.256280526993413,501,"Donald, Luke",PGA,2022-07-25 12:16:17 UTC,anyone ranked outside top 500 in OWGR appear as 501
0,USA,215,15852,-0.261616000410013,453,"Kraft, Kelly",PGA,2022-07-25 12:16:17 UTC,anyone ranked outside top 500 in OWGR appear as 501
0,SCO,216,14784,-0.261952177793862,343,"Law, David",EURO,2022-07-25 12:16:17 UTC,anyone ranked outside top 500 in OWGR appear as 501
0,NED,217,9413,-0.2631535309180079,256,"Besseling, Wil",EURO,2022-07-25 12:16:17 UTC,anyone ranked outside top 500 in OWGR appear as 501
0,USA,218,25569,-0.2659322651044289,474,"Stevens, Samuel",KFT,2022-07-25 12:16:17 UTC,anyone ranked outside top 500 in OWGR appear as 501
0,ENG,219,27194,-0.268215125634104,260,"Hall, Harry",KFT,2022-07-25 12:16:17 UTC,anyone ranked outside top 500 in OWGR appear as 501
0,USA,220,23475,-0.272617596776476,382,"Novak, Andrew",KFT,2022-07-25 12:16:17 UTC,anyone ranked outside top 500 in OWGR appear as 501
0,DEN,221,20190,-0.288337338737701,138,"Helligkilde, Marcus",CHA,2022-07-25 12:16:17 UTC,anyone ranked outside top 500 in OWGR appear as 501
0,NIR,222,7548,-0.289478206664671,398,"McDowell, Graeme",PGA,2022-07-25 12:16:17 UTC,anyone ranked outside top 500 in OWGR appear as 501
0,SCO,223,25131,-0.289980024473857,200,"Hill, Calum",EURO,2022-07-25 12:16:17 UTC,anyone ranked outside top 500 in OWGR appear as 501
0,CHN,224,15310,-0.297309943661722,140,"Li, Haotong",EURO,2022-07-25 12:16:17 UTC,anyone ranked outside top 500 in OWGR appear as 501
1,SWE,225,23950,-0.297544516141686,501,"Aberg, Ludvig",AM,2022-07-25 12:16:17 UTC,anyone ranked outside top 500 in OWGR appear as 501
0,USA,226,14706,-0.2975593071244519,102,"Swafford, Hudson",PGA,2022-07-25 12:16:17 UTC,anyone ranked outside top 500 in OWGR appear as 501
0,ENG,227,18244,-0.298640457905594,337,"Shinkwin, Callum",EURO,2022-07-25 12:16:17 UTC,anyone ranked outside top 500 in OWGR appear as 501
0,AUS,228,5874,-0.299649955174019,404,"Percy, Cameron",PGA,2022-07-25 12:16:17 UTC,anyone ranked outside top 500 in OWGR appear as 501
0,ENG,229,20706,-0.302439856205085,165,"Wallace, Matt",PGA,2022-07-25 12:16:17 UTC,anyone ranked outside top 500 in OWGR appear as 501
0,USA,230,21237,-0.305362358441112,186,"Hickok, Kramer",PGA,2022-07-25 12:16:17 UTC,anyone ranked outside top 500 in OWGR appear as 501
0,USA,231,14799,-0.306402238012422,349,"Barnes, Erik",KFT,2022-07-25 12:16:17 UTC,anyone ranked outside top 500 in OWGR appear as 501
0,USA,232,18424,-0.307685144100968,415,"Roy, Kevin",KFT,2022-07-25 12:16:17 UTC,anyone ranked outside top 500 in OWGR appear as 501
0,FRA,233,10201,-0.323543716638379,375,"Guerrier, Julien",EURO,2022-07-25 12:16:17 UTC,anyone ranked outside top 500 in OWGR appear as 501
0,NOR,234,13349,-0.325907875016719,292,"Kofstad, Espen",CHA,2022-07-25 12:16:17 UTC,anyone ranked outside top 500 in OWGR appear as 501
0,ENG,235,24185,-0.3315943496284619,286,"Mansell, Richard",EURO,2022-07-25 12:16:17 UTC,anyone ranked outside top 500 in OWGR appear as 501
0,TPE,236,17881,-0.332135135071392,228,"Yu, Kevin",KFT,2022-07-25 12:16:17 UTC,anyone ranked outside top 500 in OWGR appear as 501
0,DEN,237,15676,-0.333768924370257,380,"Moller, Niklas Norgaard",CHA,2022-07-25 12:16:17 UTC,anyone ranked outside top 500 in OWGR appear as 501
0,AUT,238,13089,-0.33955873402116,294,"Nemecz, Lukas",CHA,2022-07-25 12:16:17 UTC,anyone ranked outside top 500 in OWGR appear as 501
0,IRL,239,5716,-0.342942558575452,209,"Harrington, Padraig",EURO,2022-07-25 12:16:17 UTC,anyone ranked outside top 500 in OWGR appear as 501
0,USA,240,8469,-0.350221848704234,372,"Armour, Ryan",PGA,2022-07-25 12:16:17 UTC,anyone ranked outside top 500 in OWGR appear as 501
0,USA,241,12477,-0.352913693314742,501,"McGirt, William",PGA,2022-07-25 12:16:17 UTC,anyone ranked outside top 500 in OWGR appear as 501
0,GER,242,20722,-0.3554115583770379,229,"Schmid, Matthias",EURO,2022-07-25 12:16:17 UTC,anyone ranked outside top 500 in OWGR appear as 501
0,ESP,243,26745,-0.3596241968529319,501,"Lopez-Chacarra, Eugenio",AM,2022-07-25 12:16:17 UTC,anyone ranked outside top 500 in OWGR appear as 501
0,USA,244,5768,-0.366203636926181,203,"Hoffman, Charley",PGA,2022-07-25 12:16:17 UTC,anyone ranked outside top 500 in OWGR appear as 501
0,CHN,245,11763,-0.374021145752501,199,"Wu, Ashun",EURO,2022-07-25 12:16:17 UTC,anyone ranked outside top 500 in OWGR appear as 501
0,USA,246,16395,-0.390943204545612,501,"Kohles, Ben",KFT,2022-07-25 12:16:17 UTC,anyone ranked outside top 500 in OWGR appear as 501
0,FRA,247,18770,-0.393571572179505,211,"Rozner, Antoine",EURO,2022-07-25 12:16:17 UTC,anyone ranked outside top 500 in OWGR appear as 501
0,USA,248,17509,-0.414773421083444,500,"Seiffert, Chase",PGA,2022-07-25 12:16:17 UTC,anyone ranked outside top 500 in OWGR appear as 501
0,USA,249,14698,-0.421261342238044,256,"Bramlett, Joseph",PGA,2022-07-25 12:16:17 UTC,anyone ranked outside top 500 in OWGR appear as 501
0,USA,250,27364,-0.4219672596685239,263,"Thompson, Davis",KFT,2022-07-25 12:16:17 UTC,anyone ranked outside top 500 in OWGR appear as 501
0,GER,251,12522,-0.4220253554104529,195,"Schneider, Marcel",EURO,2022-07-25 12:16:17 UTC,anyone ranked outside top 500 in OWGR appear as 501
0,GER,252,22087,-0.427249409582223,498,"Paul, Jeremy",KFT,2022-07-25 12:16:17 UTC,anyone ranked outside top 500 in OWGR appear as 501
0,USA,253,7489,-0.428275650626765,409,"Moore, Ryan",PGA,2022-07-25 12:16:17 UTC,anyone ranked outside top 500 in OWGR appear as 501
0,USA,254,6930,-0.428381054427467,470,"Taylor, Vaughn",PGA,2022-07-25 12:16:17 UTC,anyone ranked outside top 500 in OWGR appear as 501
0,ENG,255,11061,-0.435141123904216,253,"Morrison, James",EURO,2022-07-25 12:16:17 UTC,anyone ranked outside top 500 in OWGR appear as 501
0,SCO,256,16475,-0.439864116688067,227,"Forrest, Grant",EURO,2022-07-25 12:16:17 UTC,anyone ranked outside top 500 in OWGR appear as 501
0,AUS,257,6287,-0.440767033311336,132,"Kennedy, Brad",JPN,2022-07-25 12:16:17 UTC,anyone ranked outside top 500 in OWGR appear as 501
0,KOR,258,12188,-0.45148156047449,111,"Kim, Bio",KOR,2022-07-25 12:16:17 UTC,anyone ranked outside top 500 in OWGR appear as 501
0,KOR,259,14936,-0.4545274638039109,264,"Hwang, Junggon",KOR,2022-07-25 12:16:17 UTC,anyone ranked outside top 500 in OWGR appear as 501
0,ESP,260,20704,-0.464431298075974,170,"Tarrio Ben, Santiago",EURO,2022-07-25 12:16:17 UTC,anyone ranked outside top 500 in OWGR appear as 501
0,RSA,261,10884,-0.466743941948622,255,"Coetzee, George",EURO,2022-07-25 12:16:17 UTC,anyone ranked outside top 500 in OWGR appear as 501
0,SCO,262,11397,-0.477682364912876,340,"Jamieson, Scott",EURO,2022-07-25 12:16:17 UTC,anyone ranked outside top 500 in OWGR appear as 501
0,KOR,263,11117,-0.484132187036808,501,"Noh, Seung-Yul",PGA,2022-07-25 12:16:17 UTC,anyone ranked outside top 500 in OWGR appear as 501
0,RSA,264,15193,-0.484406505329881,151,"Van Tonder, Daniel",EURO,2022-07-25 12:16:17 UTC,anyone ranked outside top 500 in OWGR appear as 501
0,WAL,265,7084,-0.4850248099665129,160,"Donaldson, Jamie",EURO,2022-07-25 12:16:17 UTC,anyone ranked outside top 500 in OWGR appear as 501
0,USA,266,6931,-0.4851794992947221,501,"Byrd, Jonathan",PGA,2022-07-25 12:16:17 UTC,anyone ranked outside top 500 in OWGR appear as 501
0,RSA,267,18174,-0.486055765773731,177,"Ritchie, JC",CHA,2022-07-25 12:16:17 UTC,anyone ranked outside top 500 in OWGR appear as 501
0,FIN,268,14120,-0.4886811563127289,158,"Samooja, Kalle",EURO,2022-07-25 12:16:17 UTC,anyone ranked outside top 500 in OWGR appear as 501
0,RSA,269,8045,-0.500307907275109,324,"Walters, Justin",EURO,2022-07-25 12:16:17 UTC,anyone ranked outside top 500 in OWGR appear as 501
0,SWE,270,22535,-0.5021818794152519,316,"Norrman, Vincent",KFT,2022-07-25 12:16:17 UTC,anyone ranked outside top 500 in OWGR appear as 501
0,USA,271,18579,-0.505785471467296,468,"Cook, Austin",PGA,2022-07-25 12:16:17 UTC,anyone ranked outside top 500 in OWGR appear as 501
0,USA,272,24481,-0.50617873060454,373,"Redman, Doc",PGA,2022-07-25 12:16:17 UTC,anyone ranked outside top 500 in OWGR appear as 501
0,USA,273,7626,-0.507944979025456,416,"O'Hair, Sean",PGA,2022-07-25 12:16:17 UTC,anyone ranked outside top 500 in OWGR appear as 501
0,FIN,274,23816,-0.5085493239618101,343,"Valimaki, Sami",EURO,2022-07-25 12:16:17 UTC,anyone ranked outside top 500 in OWGR appear as 501
0,USA,275,8820,-0.509621140753693,341,"Snedeker, Brandt",PGA,2022-07-25 12:16:17 UTC,anyone ranked outside top 500 in OWGR appear as 501
0,RSA,276,15229,-0.5136835461972439,275,"Stone, Brandon",EURO,2022-07-25 12:16:17 UTC,anyone ranked outside top 500 in OWGR appear as 501
0,USA,277,11330,-0.5187412501458071,501,"Brown, Scott",PGA,2022-07-25 12:16:17 UTC,anyone ranked outside top 500 in OWGR appear as 501
0,ENG,278,9396,-0.5200244691320539,335,"Fisher, Ross",EURO,2022-07-25 12:16:17 UTC,anyone ranked outside top 500 in OWGR appear as 501
0,ENG,279,12426,-0.528422349117686,298,"Waring, Paul",EURO,2022-07-25 12:16:17 UTC,anyone ranked outside top 500 in OWGR appear as 501
0,USA,280,13127,-0.5320476453668079,311,"Tway, Kevin",PGA,2022-07-25 12:16:17 UTC,anyone ranked outside top 500 in OWGR appear as 501
0,USA,281,25319,-0.53377350236754,501,"VanDerLaan, John",KFT,2022-07-25 12:16:17 UTC,anyone ranked outside top 500 in OWGR appear as 501
0,USA,282,8002,-0.5343102797607829,494,"Oppenheim, Rob",PGA,2022-07-25 12:16:17 UTC,anyone ranked outside top 500 in OWGR appear as 501
0,SWE,283,18517,-0.5427063861632461,196,"Soderberg, Sebastian",EURO,2022-07-25 12:16:17 UTC,anyone ranked outside top 500 in OWGR appear as 501
0,ZIM,284,14559,-0.5472260944798211,93,"Vincent, Scott",JPN,2022-07-25 12:16:17 UTC,anyone ranked outside top 500 in OWGR appear as 501
0,SWE,285,11657,-0.550140565246022,374,"Norlander, Henrik",PGA,2022-07-25 12:16:17 UTC,anyone ranked outside top 500 in OWGR appear as 501
0,NOR,286,16421,-0.5577699532890129,278,"Johannessen, Kristian Krogh",CHA,2022-07-25 12:16:17 UTC,anyone ranked outside top 500 in OWGR appear as 501
0,ENG,287,25601,-0.562743078538883,317,"Jordan, Matthew",EURO,2022-07-25 12:16:17 UTC,anyone ranked outside top 500 in OWGR appear as 501
0,DEN,288,14284,-0.5635865054786589,193,"Hansen, Joachim B",EURO,2022-07-25 12:16:17 UTC,anyone ranked outside top 500 in OWGR appear as 501
0,KOR,289,14459,-0.5638434461163879,295,"An, Byeong Hun",PGA,2022-07-25 12:16:17 UTC,anyone ranked outside top 500 in OWGR appear as 501
0,ESP,290,7887,-0.56411956660714,302,"Garcia-Heredia, Alfredo",CHA,2022-07-25 12:16:17 UTC,anyone ranked outside top 500 in OWGR appear as 501
0,SCO,291,22089,-0.5669627706972429,328,"Syme, Connor",EURO,2022-07-25 12:16:17 UTC,anyone ranked outside top 500 in OWGR appear as 501
0,JPN,292,13531,-0.576007438082876,363,"Kodaira, Satoshi",PGA,2022-07-25 12:16:17 UTC,anyone ranked outside top 500 in OWGR appear as 501
0,JPN,293,15756,-0.587770786861901,80,"Higa, Kazuki",JPN,2022-07-25 12:16:17 UTC,anyone ranked outside top 500 in OWGR appear as 501
0,COL,294,9171,-0.597171272810827,501,"Villegas, Camilo",PGA,2022-07-25 12:16:17 UTC,anyone ranked outside top 500 in OWGR appear as 501
0,USA,295,17273,-0.6010768743875239,501,"Fischer, Zack",KFT,2022-07-25 12:16:17 UTC,anyone ranked outside top 500 in OWGR appear as 501
0,FRA,296,23733,-0.6055367546428579,248,"LaCroix, Frederic",CHA,2022-07-25 12:16:17 UTC,anyone ranked outside top 500 in OWGR appear as 501
0,JPN,297,20448,-0.607244076656706,117,"Katsuragawa, Yuto",JPN,2022-07-25 12:16:17 UTC,anyone ranked outside top 500 in OWGR appear as 501
0,MEX,298,12855,-0.614066167088219,421,"Rodriguez, Jose de Jesus",KFT,2022-07-25 12:16:17 UTC,anyone ranked outside top 500 in OWGR appear as 501
0,THA,299,19844,-0.6149131852284521,95,"Kaewkanjana, Sadom",ATGT,2022-07-25 12:16:17 UTC,anyone ranked outside top 500 in OWGR appear as 501
0,DEN,300,23602,-0.617363996820344,106,"Hojgaard, Nicolai",EURO,2022-07-25 12:16:17 UTC,anyone ranked outside top 500 in OWGR appear as 501
0,ESP,301,7457,-0.634634061483473,163,"Cabrera Bello, Rafa",PGA,2022-07-25 12:16:17 UTC,anyone ranked outside top 500 in OWGR appear as 501
0,FRA,302,10198,-0.645643097574631,299,"Dubuisson, Victor",EURO,2022-07-25 12:16:17 UTC,anyone ranked outside top 500 in OWGR appear as 501
0,ITA,303,13013,-0.6519596000943481,481,"Bertasio, Nino",EURO,2022-07-25 12:16:17 UTC,anyone ranked outside top 500 in OWGR appear as 501
1,USA,304,28158,-0.6543761815292629,501,"Bennett, Sam",AM,2022-07-25 12:16:17 UTC,anyone ranked outside top 500 in OWGR appear as 501
0,JPN,305,19729,-0.654922768787874,109,"Kanaya, Takumi",JPN,2022-07-25 12:16:17 UTC,anyone ranked outside top 500 in OWGR appear as 501
0,JPN,306,16165,-0.657333652366446,81,"Inamori, Yuki",JPN,2022-07-25 12:16:17 UTC,anyone ranked outside top 500 in OWGR appear as 501
0,USA,307,12069,-0.660832322604971,420,"Stanley, Kyle",PGA,2022-07-25 12:16:17 UTC,anyone ranked outside top 500 in OWGR appear as 501
0,NED,308,10158,-0.6630361437989319,501,"Luiten, Joost",EURO,2022-07-25 12:16:17 UTC,anyone ranked outside top 500 in OWGR appear as 501
0,USA,309,29318,-0.664296662853162,501,"McAllister, Logan",AM,2022-07-25 12:16:17 UTC,anyone ranked outside top 500 in OWGR appear as 501
0,USA,310,14140,-0.664312897697661,198,"Higgs, Harry",PGA,2022-07-25 12:16:17 UTC,anyone ranked outside top 500 in OWGR appear as 501
0,CAN,311,14050,-0.671041634151027,368,"Sloan, Roger",PGA,2022-07-25 12:16:17 UTC,anyone ranked outside top 500 in OWGR appear as 501
0,USA,312,13305,-0.6896657013933989,501,"Chappell, Kevin",PGA,2022-07-25 12:16:17 UTC,anyone ranked outside top 500 in OWGR appear as 501
0,USA,313,7293,-0.6951524439332422,411,"Walker, Jimmy",PGA,2022-07-25 12:16:17 UTC,anyone ranked outside top 500 in OWGR appear as 501
0,FRA,314,16566,-0.6957511846998491,450,"Barjon, Paul",PGA,2022-07-25 12:16:17 UTC,anyone ranked outside top 500 in OWGR appear as 501
0,JPN,315,13530,-0.698364287981002,250,"Kawamura, Masahiro",EURO,2022-07-25 12:16:17 UTC,anyone ranked outside top 500 in OWGR appear as 501
0,SCO,316,21646,-0.7001277439838628,210,"Ferguson, Ewen",EURO,2022-07-25 12:16:17 UTC,anyone ranked outside top 500 in OWGR appear as 501
0,FRA,317,17718,-0.701967617443301,323,"Sordet, Clement",EURO,2022-07-25 12:16:17 UTC,anyone ranked outside top 500 in OWGR appear as 501
0,RSA,318,7677,-0.7034659574879311,89,"Norris, Shaun",JPN,2022-07-25 12:16:17 UTC,anyone ranked outside top 500 in OWGR appear as 501
0,USA,319,14847,-0.704748385316009,501,"Crick, Brandon",KFT,2022-07-25 12:16:17 UTC,anyone ranked outside top 500 in OWGR appear as 501
0,JPN,320,14904,-0.7062001296589799,100,"Kinoshita, Ryosuke",JPN,2022-07-25 12:16:17 UTC,anyone ranked outside top 500 in OWGR appear as 501
0,RSA,321,24342,-0.7087252493752041,131,"Higgo, Garrick",PGA,2022-07-25 12:16:17 UTC,anyone ranked outside top 500 in OWGR appear as 501
0,USA,322,12131,-0.7120965097713101,430,"Anderson, Mark",KFT,2022-07-25 12:16:17 UTC,anyone ranked outside top 500 in OWGR appear as 501
0,USA,323,18536,-0.7150461198068041,424,"McCormick, Ryan",KFT,2022-07-25 12:16:17 UTC,anyone ranked outside top 500 in OWGR appear as 501
0,KOR,324,21688,-0.7217191316668199,188,"Kim, Seonghyeon",KFT,2022-07-25 12:16:17 UTC,anyone ranked outside top 500 in OWGR appear as 501
0,POR,325,18722,-0.7228616025155871,214,"Gouveia, Ricardo",CHA,2022-07-25 12:16:17 UTC,anyone ranked outside top 500 in OWGR appear as 501
0,NED,326,13374,-0.7278103617070959,371,"Van Driel, Darius",EURO,2022-07-25 12:16:17 UTC,anyone ranked outside top 500 in OWGR appear as 501
0,COL,327,22833,-0.7279881124233248,436,"Echavarria, Nicolas",KFT,2022-07-25 12:16:17 UTC,anyone ranked outside top 500 in OWGR appear as 501
0,RSA,328,874,-0.729159128015233,501,"Els, Ernie",CHAMP,2022-07-25 12:16:17 UTC,anyone ranked outside top 500 in OWGR appear as 501
0,ESP,329,3596,-0.7296950906915459,501,"Jimenez, Miguel A",CHAMP,2022-07-25 12:16:17 UTC,anyone ranked outside top 500 in OWGR appear as 501
0,USA,330,16713,-0.7302865936765308,501,"Lindheim, Nicholas",KFT,2022-07-25 12:16:17 UTC,anyone ranked outside top 500 in OWGR appear as 501
0,USA,331,19738,-0.7329152938228198,501,"Dougherty, Kevin",KFT,2022-07-25 12:16:17 UTC,anyone ranked outside top 500 in OWGR appear as 501
0,FIN,332,13139,-0.734905906016796,274,"Pulkkanen, Tapio",EURO,2022-07-25 12:16:17 UTC,anyone ranked outside top 500 in OWGR appear as 501
0,ENG,333,15115,-0.7369311973237671,476,"Senior, Jack",EURO,2022-07-25 12:16:17 UTC,anyone ranked outside top 500 in OWGR appear as 501
0,USA,334,24968,-0.7377758055639041,261,"Griffin, Ben",KFT,2022-07-25 12:16:17 UTC,anyone ranked outside top 500 in OWGR appear as 501
0,RSA,335,11852,-0.7385687017236109,204,"Ahlers, Jaco",AFR,2022-07-25 12:16:17 UTC,anyone ranked outside top 500 in OWGR appear as 501
0,USA,336,26660,-0.740046440411176,501,"Gordon, Will",PGA,2022-07-25 12:16:17 UTC,anyone ranked outside top 500 in OWGR appear as 501
1,USA,337,29771,-0.7402188222295619,501,"Vick, Travis",AM,2022-07-25 12:16:17 UTC,anyone ranked outside top 500 in OWGR appear as 501
0,ENG,338,15326,-0.7415303672660509,306,"Sullivan, Andy",EURO,2022-07-25 12:16:17 UTC,anyone ranked outside top 500 in OWGR appear as 501
0,USA,339,26122,-0.74556038486295,501,"Flavin, Patrick",KFT,2022-07-25 12:16:17 UTC,anyone ranked outside top 500 in OWGR appear as 501
0,USA,340,14007,-0.7464704787399921,396,"Martin, Ben",PGA,2022-07-25 12:16:17 UTC,anyone ranked outside top 500 in OWGR appear as 501
0,JPN,341,14209,-0.7485830070794879,116,"Kozuma, Jinichiro",JPN,2022-07-25 12:16:17 UTC,anyone ranked outside top 500 in OWGR appear as 501
0,ESP,342,24127,-0.753785709713856,308,"Portillo, Angel Hidalgo",CHA,2022-07-25 12:16:17 UTC,anyone ranked outside top 500 in OWGR appear as 501
1,USA,343,26649,-0.7543731513680021,418,"Thorbjornsen, Michael",AM,2022-07-25 12:16:17 UTC,anyone ranked outside top 500 in OWGR appear as 501
0,SWE,344,14815,-0.7591043297938241,501,"Lingmerth, David",PGA,2022-07-25 12:16:17 UTC,anyone ranked outside top 500 in OWGR appear as 501
0,IRL,345,14396,-0.7615516115269959,501,"Kearney, Niall",EURO,2022-07-25 12:16:17 UTC,anyone ranked outside top 500 in OWGR appear as 501
0,USA,346,26913,-0.770599899955775,501,"Phillips, Trent",AM,2022-07-25 12:16:17 UTC,anyone ranked outside top 500 in OWGR appear as 501
0,FRA,347,9675,-0.7706544580761769,501,"Lorenzo-Vera, Michael",EURO,2022-07-25 12:16:17 UTC,anyone ranked outside top 500 in OWGR appear as 501
0,RSA,348,25888,-0.77589069364835,281,"Germishuys, Deon",AFR,2022-07-25 12:16:17 UTC,anyone ranked outside top 500 in OWGR appear as 501
0,USA,349,13022,-0.780881703825293,322,"Stuard, Brian",PGA,2022-07-25 12:16:17 UTC,anyone ranked outside top 500 in OWGR appear as 501
0,SWE,350,18514,-0.784419811171638,331,"Kinhult, Marcus",EURO,2022-07-25 12:16:17 UTC,anyone ranked outside top 500 in OWGR appear as 501
0,USA,351,22914,-0.785924588798599,356,"Grant, Brent",KFT,2022-07-25 12:16:17 UTC,anyone ranked outside top 500 in OWGR appear as 501
0,RSA,352,16896,-0.789142011771902,333,"Kruyswijk, Jacques",EURO,2022-07-25 12:16:17 UTC,anyone ranked outside top 500 in OWGR appear as 501
0,ENG,353,15113,-0.7912068637812639,501,"Pepperell, Eddie",EURO,2022-07-25 12:16:17 UTC,anyone ranked outside top 500 in OWGR appear as 501
0,USA,354,23465,-0.7962392722953591,501,"Greyserman, Max",KFT,2022-07-25 12:16:17 UTC,anyone ranked outside top 500 in OWGR appear as 501
0,ENG,355,19948,-0.7996470053260011,365,"Taylor, Ben",KFT,2022-07-25 12:16:17 UTC,anyone ranked outside top 500 in OWGR appear as 501
0,AUS,356,7532,-0.800059447800926,319,"Ormsby, Wade",EURO,2022-07-25 12:16:17 UTC,anyone ranked outside top 500 in OWGR appear as 501
0,USA,357,15004,-0.8178010693916049,127,"Kim, Chan",JPN,2022-07-25 12:16:17 UTC,anyone ranked outside top 500 in OWGR appear as 501
0,ENG,358,10873,-0.8184767069818141,414,"Skinns, David",KFT,2022-07-25 12:16:17 UTC,anyone ranked outside top 500 in OWGR appear as 501
0,USA,359,25002,-0.8192021015425359,488,"Wu, Dylan",KFT,2022-07-25 12:16:17 UTC,anyone ranked outside top 500 in OWGR appear as 501
0,USA,360,23610,-0.8196910594981021,241,"Crocker, Sean",EURO,2022-07-25 12:16:17 UTC,anyone ranked outside top 500 in OWGR appear as 501
0,ESP,361,12988,-0.826648188546218,330,"Elvira Mijares, Ignacio",EURO,2022-07-25 12:16:17 UTC,anyone ranked outside top 500 in OWGR appear as 501
0,USA,362,26126,-0.8301077264174059,456,"Meissner, Mitchell",SAM,2022-07-25 12:16:17 UTC,anyone ranked outside top 500 in OWGR appear as 501
0,ITA,363,14987,-0.8303401679393899,262,"Laporta, Francesco",EURO,2022-07-25 12:16:17 UTC,anyone ranked outside top 500 in OWGR appear as 501
0,ENG,364,13821,-0.8411711603233841,417,"Whitnell, Dale",EURO,2022-07-25 12:16:17 UTC,anyone ranked outside top 500 in OWGR appear as 501
0,USA,365,28159,-0.8478221231919509,501,"Meissner, Mac",KFT,2022-07-25 12:16:17 UTC,anyone ranked outside top 500 in OWGR appear as 501
0,JPN,366,13485,-0.8508306793421,91,"Imahira, Shugo",JPN,2022-07-25 12:16:17 UTC,anyone ranked outside top 500 in OWGR appear as 501
1,USA,367,29970,-0.851307930850565,501,"Menante, Dylan",AM,2022-07-25 12:16:17 UTC,anyone ranked outside top 500 in OWGR appear as 501
1,USA,368,29827,-0.8513467256288899,501,"James, Benjamin",AM,2022-07-25 12:16:17 UTC,anyone ranked outside top 500 in OWGR appear as 501
0,USA,369,14002,-0.8674308177064459,291,"Alexander, Tyson",KFT,2022-07-25 12:16:17 UTC,anyone ranked outside top 500 in OWGR appear as 501
0,USA,370,26139,-0.874396828069021,501,"Kocher, David",KFT,2022-07-25 12:16:17 UTC,anyone ranked outside top 500 in OWGR appear as 501
0,USA,371,14081,-0.876802783703336,501,"Hoag, Bo",PGA,2022-07-25 12:16:17 UTC,anyone ranked outside top 500 in OWGR appear as 501
0,USA,372,12846,-0.877507892653244,493,"Herman, Jim",PGA,2022-07-25 12:16:17 UTC,anyone ranked outside top 500 in OWGR appear as 501
1,JPN,373,21074,-0.8776559857001031,283,"Nakajima, Keita",JPN,2022-07-25 12:16:17 UTC,anyone ranked outside top 500 in OWGR appear as 501
0,ARG,374,8571,-0.8789886431349159,501,"Gomez, Fabian",PGA,2022-07-25 12:16:17 UTC,anyone ranked outside top 500 in OWGR appear as 501
0,USA,375,27559,-0.885115442688104,501,"Crouch, A.J.",KFT,2022-07-25 12:16:17 UTC,anyone ranked outside top 500 in OWGR appear as 501
0,JPN,376,25263,-0.8864116899279749,213,"Onishi, Kaito",JPN,2022-07-25 12:16:17 UTC,anyone ranked outside top 500 in OWGR appear as 501
0,THA,377,14368,-0.888676300605433,266,"Janewattananond, Jazz",EURO,2022-07-25 12:16:17 UTC,anyone ranked outside top 500 in OWGR appear as 501
0,ENG,378,13344,-0.8930840605963529,501,"Baldwin, Matthew",CHA,2022-07-25 12:16:17 UTC,anyone ranked outside top 500 in OWGR appear as 501
0,USA,379,17584,-0.8934041070757109,428,"McCumber, Tyler",PGA,2022-07-25 12:16:17 UTC,anyone ranked outside top 500 in OWGR appear as 501
0,SWE,380,15603,-0.903452056677966,268,"Broberg, Kristoffer",EURO,2022-07-25 12:16:17 UTC,anyone ranked outside top 500 in OWGR appear as 501
0,USA,381,22981,-0.9056152195158348,235,"Matthews, Brandon",KFT,2022-07-25 12:16:17 UTC,anyone ranked outside top 500 in OWGR appear as 501
0,USA,382,21235,-0.9087392921849928,361,"Albertson, Anders",KFT,2022-07-25 12:16:17 UTC,anyone ranked outside top 500 in OWGR appear as 501
0,USA,383,15608,-0.9096824498951088,501,"Barber, Blayne",KFT,2022-07-25 12:16:17 UTC,anyone ranked outside top 500 in OWGR appear as 501
0,USA,384,24906,-0.911263827202892,501,"Armstrong, Dawson",KFT,2022-07-25 12:16:17 UTC,anyone ranked outside top 500 in OWGR appear as 501
0,USA,385,18869,-0.912390962970318,501,"Lamb, Rick",KFT,2022-07-25 12:16:17 UTC,anyone ranked outside top 500 in OWGR appear as 501
0,USA,386,13307,-0.9144896338817308,157,"Kim, Sihwan",EURO,2022-07-25 12:16:17 UTC,anyone ranked outside top 500 in OWGR appear as 501
0,ENG,387,12838,-0.916335833453635,290,"Lewton, Steve",KFT,2022-07-25 12:16:17 UTC,anyone ranked outside top 500 in OWGR appear as 501
0,USA,388,24562,-0.9165961883904208,501,"Knowles, Philip",KFT,2022-07-25 12:16:17 UTC,anyone ranked outside top 500 in OWGR appear as 501
0,USA,389,25094,-0.928159348248987,501,"Fishburn, Patrick",KFT,2022-07-25 12:16:17 UTC,anyone ranked outside top 500 in OWGR appear as 501
0,ENG,390,15191,-0.928574482911625,458,"Southgate, Matthew",EURO,2022-07-25 12:16:17 UTC,anyone ranked outside top 500 in OWGR appear as 501
0,AUS,391,6252,-0.930004452405737,501,"Baddeley, Aaron",PGA,2022-07-25 12:16:17 UTC,anyone ranked outside top 500 in OWGR appear as 501
0,RSA,392,5754,-0.932841817513795,435,"Fichardt, Darren",EURO,2022-07-25 12:16:17 UTC,anyone ranked outside top 500 in OWGR appear as 501
0,USA,393,8085,-0.939127158390754,501,"Teater, Josh",KFT,2022-07-25 12:16:17 UTC,anyone ranked outside top 500 in OWGR appear as 501
0,RSA,394,7049,-0.939664961345723,501,"Sterne, Richard",EURO,2022-07-25 12:16:17 UTC,anyone ranked outside top 500 in OWGR appear as 501
0,SCO,395,24352,-0.9419177506232042,469,"Howie, Craig",EURO,2022-07-25 12:16:17 UTC,anyone ranked outside top 500 in OWGR appear as 501
0,USA,396,1547,-0.9443862358638928,96,"Mickelson, Phil",PGA,2022-07-25 12:16:17 UTC,anyone ranked outside top 500 in OWGR appear as 501
0,FRA,397,20131,-0.9476383316128928,501,"Sciot-Siegrist, Robin",EURO,2022-07-25 12:16:17 UTC,anyone ranked outside top 500 in OWGR appear as 501
0,CAN,398,15596,-0.948576562384528,352,"Cockerill, Aaron",EURO,2022-07-25 12:16:17 UTC,anyone ranked outside top 500 in OWGR appear as 501
0,GER,399,22231,-0.949882358272314,423,"Von Dellingshausen, Nicolai",EURO,2022-07-25 12:16:17 UTC,anyone ranked outside top 500 in OWGR appear as 501
0,IND,400,17081,-0.952535835209052,208,"Sharma, Shubhankar",EURO,2022-07-25 12:16:17 UTC,anyone ranked outside top 500 in OWGR appear as 501
0,ENG,401,8300,-0.954278357837525,501,"Wilson, Oliver",EURO,2022-07-25 12:16:17 UTC,anyone ranked outside top 500 in OWGR appear as 501
0,SWE,402,14780,-0.961981896674222,329,"Lagergren, Joakim",EURO,2022-07-25 12:16:17 UTC,anyone ranked outside top 500 in OWGR appear as 501
0,GER,403,27588,-0.965145581129332,325,"Schott, Frederik",CHA,2022-07-25 12:16:17 UTC,anyone ranked outside top 500 in OWGR appear as 501
0,USA,404,22986,-0.9652752556152429,501,"Tuten, Shad",KFT,2022-07-25 12:16:17 UTC,anyone ranked outside top 500 in OWGR appear as 501
0,USA,405,15427,-0.967328902110557,477,"Harkins, Brandon",KFT,2022-07-25 12:16:17 UTC,anyone ranked outside top 500 in OWGR appear as 501
0,USA,406,13971,-0.971501545017177,501,"Baker, Chris",KFT,2022-07-25 12:16:17 UTC,anyone ranked outside top 500 in OWGR appear as 501
0,USA,407,11354,-0.971503636485105,501,"Stegmaier, Brett",KFT,2022-07-25 12:16:17 UTC,anyone ranked outside top 500 in OWGR appear as 501
0,USA,408,16341,-0.973149845004857,389,"Peterson, Paul",ASA,2022-07-25 12:16:17 UTC,anyone ranked outside top 500 in OWGR appear as 501
0,GER,409,290,-0.973876126115138,501,"Langer, Bernhard",CHAMP,2022-07-25 12:16:17 UTC,anyone ranked outside top 500 in OWGR appear as 501
1,USA,410,29197,-0.974923246569734,501,"Brennan, Michael",AM,2022-07-25 12:16:17 UTC,anyone ranked outside top 500 in OWGR appear as 501
0,USA,411,5151,-0.977442175459394,501,"Kelly, Jerry",CHAMP,2022-07-25 12:16:17 UTC,anyone ranked outside top 500 in OWGR appear as 501
0,DEN,412,20206,-0.977814879929006,277,"Jorgensen, Oliver",CHA,2022-07-25 12:16:17 UTC,anyone ranked outside top 500 in OWGR appear as 501
0,USA,413,11082,-0.9784489837437308,432,"Burgoon, Bronson",PGA,2022-07-25 12:16:17 UTC,anyone ranked outside top 500 in OWGR appear as 501
0,USA,414,14655,-0.978995061353411,501,"Murray, Grayson",PGA,2022-07-25 12:16:17 UTC,anyone ranked outside top 500 in OWGR appear as 501
0,ENG,415,18241,-0.979829436609632,251,"Gavins, Daniel",EURO,2022-07-25 12:16:17 UTC,anyone ranked outside top 500 in OWGR appear as 501
0,USA,416,16382,-0.982152127259694,501,"Knous, Jim",PGA,2022-07-25 12:16:17 UTC,anyone ranked outside top 500 in OWGR appear as 501
0,AUS,417,18900,-0.9830252307778308,180,"Quayle, Anthony",JPN,2022-07-25 12:16:17 UTC,anyone ranked outside top 500 in OWGR appear as 501
0,RSA,418,12821,-0.984404184921386,338,"De Jager, Louis",EURO,2022-07-25 12:16:17 UTC,anyone ranked outside top 500 in OWGR appear as 501
0,USA,419,21880,-0.98459209464552,484,"Cone, Trevor",KFT,2022-07-25 12:16:17 UTC,anyone ranked outside top 500 in OWGR appear as 501
0,AUS,420,19208,-0.988766796541823,377,"Endycott, Harrison",KFT,2022-07-25 12:16:17 UTC,anyone ranked outside top 500 in OWGR appear as 501
0,USA,421,19864,-0.990172531710975,501,"Hammer, Cole",AM,2022-07-25 12:16:17 UTC,anyone ranked outside top 500 in OWGR appear as 501
0,WAL,422,13318,-0.99192517406123,501,"Farr, Oliver",EURO,2022-07-25 12:16:17 UTC,anyone ranked outside top 500 in OWGR appear as 501
0,USA,423,23781,-1.00111160258996,215,"Hanna, Chase",EURO,2022-07-25 12:16:17 UTC,anyone ranked outside top 500 in OWGR appear as 501
0,USA,424,18164,-1.00679518050063,501,"Wolfe, Jared",KFT,2022-07-25 12:16:17 UTC,anyone ranked outside top 500 in OWGR appear as 501
0,USA,425,11594,-1.00874555465195,501,"McCarthy, Dan",KFT,2022-07-25 12:16:17 UTC,anyone ranked outside top 500 in OWGR appear as 501
0,ARG,426,10877,-1.01581491536398,501,"Goya, Estanislao",KFT,2022-07-25 12:16:17 UTC,anyone ranked outside top 500 in OWGR appear as 501
0,NED,427,12650,-1.01800021506276,496,"Huizing, Daan",EURO,2022-07-25 12:16:17 UTC,anyone ranked outside top 500 in OWGR appear as 501
0,USA,428,18695,-1.01859352701956,370,"Hagy, Brandon",PGA,2022-07-25 12:16:17 UTC,anyone ranked outside top 500 in OWGR appear as 501
0,RSA,429,13731,-1.01981310408883,350,"Strydom, Ockie",AFR,2022-07-25 12:16:17 UTC,anyone ranked outside top 500 in OWGR appear as 501
0,USA,430,19909,-1.02796642007925,501,"Gellerman, Michael",PGA,2022-07-25 12:16:17 UTC,anyone ranked outside top 500 in OWGR appear as 501
0,USA,431,28635,-1.03567456935889,501,"McCarty, Matt",KFT,2022-07-25 12:16:17 UTC,anyone ranked outside top 500 in OWGR appear as 501
0,RSA,432,19353,-1.03741603758263,212,"Strydom, Tristen",AFR,2022-07-25 12:16:17 UTC,anyone ranked outside top 500 in OWGR appear as 501
0,AUS,433,16006,-1.038239115023,289,"Lee, Junseok",KOR,2022-07-25 12:16:17 UTC,anyone ranked outside top 500 in OWGR appear as 501
0,USA,434,28571,-1.04019222694632,501,"Pettit, Turk",AM,2022-07-25 12:16:17 UTC,anyone ranked outside top 500 in OWGR appear as 501
0,GER,435,6950,-1.04035159900987,304,"Siem, Marcel",EURO,2022-07-25 12:16:17 UTC,anyone ranked outside top 500 in OWGR appear as 501
0,USA,436,19643,-1.0439040330497,501,"Reeves, Seth",KFT,2022-07-25 12:16:17 UTC,anyone ranked outside top 500 in OWGR appear as 501
0,USA,437,11382,-1.04614715114417,501,"Lovemark, Jamie",KFT,2022-07-25 12:16:17 UTC,anyone ranked outside top 500 in OWGR appear as 501
0,USA,438,27420,-1.04753737058264,501,"Dickson, Taylor",KFT,2022-07-25 12:16:17 UTC,anyone ranked outside top 500 in OWGR appear as 501
0,KOR,439,12745,-1.0479504920402198,273,"Baek, Todd",JPN,2022-07-25 12:16:17 UTC,anyone ranked outside top 500 in OWGR appear as 501
0,USA,440,44,-1.05210340715292,501,"Couples, Fred",CHAMP,2022-07-25 12:16:17 UTC,anyone ranked outside top 500 in OWGR appear as 501
0,RSA,441,25889,-1.05459293449279,326,"Nienaber, Wilco",EURO,2022-07-25 12:16:17 UTC,anyone ranked outside top 500 in OWGR appear as 501
0,ENG,442,18027,-1.05686267254826,346,"Kimsey, Nathan",CHA,2022-07-25 12:16:17 UTC,anyone ranked outside top 500 in OWGR appear as 501
0,USA,443,17280,-1.0568865593598,485,"Vogel, T.J.",KFT,2022-07-25 12:16:17 UTC,anyone ranked outside top 500 in OWGR appear as 501
0,KOR,444,7578,-1.05834329070263,501,"Kang, Kyungnam",KOR,2022-07-25 12:16:17 UTC,anyone ranked outside top 500 in OWGR appear as 501
0,ENG,445,11230,-1.06282567809469,335,"Horsey, David",EURO,2022-07-25 12:16:17 UTC,anyone ranked outside top 500 in OWGR appear as 501
0,USA,446,23048,-1.0684481427953,439,"Stanger, Jimmy",KFT,2022-07-25 12:16:17 UTC,anyone ranked outside top 500 in OWGR appear as 501
0,USA,447,21756,-1.06860448357572,501,"Cole, Eric",KFT,2022-07-25 12:16:17 UTC,anyone ranked outside top 500 in OWGR appear as 501
0,JPN,448,12377,-1.07392740473909,126,"Otsuki, Tomoharu",JPN,2022-07-25 12:16:17 UTC,anyone ranked outside top 500 in OWGR appear as 501
0,KOR,449,10086,-1.07439935338845,224,"Park, Sanghyun",KOR,2022-07-25 12:16:17 UTC,anyone ranked outside top 500 in OWGR appear as 501
0,USA,450,23505,-1.07507696251359,287,"McGreevy, Max",KFT,2022-07-25 12:16:17 UTC,anyone ranked outside top 500 in OWGR appear as 501
0,KOR,451,20780,-1.07539330531915,240,"Kim, Minkyu",KOR,2022-07-25 12:16:17 UTC,anyone ranked outside top 500 in OWGR appear as 501
0,CAN,452,17381,-1.07737038747458,501,"Silverman, Ben",KFT,2022-07-25 12:16:17 UTC,anyone ranked outside top 500 in OWGR appear as 501
0,RSA,453,18204,-1.08579111224463,354,"Prinsloo, Jaco",AFR,2022-07-25 12:16:17 UTC,anyone ranked outside top 500 in OWGR appear as 501
0,ITA,454,17357,-1.09566924542871,161,"Migliozzi, Guido",EURO,2022-07-25 12:16:17 UTC,anyone ranked outside top 500 in OWGR appear as 501
0,ENG,455,18735,-1.10097953863071,501,"Chesters, Ashley",EURO,2022-07-25 12:16:17 UTC,anyone ranked outside top 500 in OWGR appear as 501
0,COL,456,25686,-1.10242115138026,501,"Aguado, Camilo",SAM,2022-07-25 12:16:17 UTC,anyone ranked outside top 500 in OWGR appear as 501
0,AUS,457,19232,-1.10453347098586,426,"Smyth, Travis",ASA,2022-07-25 12:16:17 UTC,anyone ranked outside top 500 in OWGR appear as 501
0,USA,458,8479,-1.1049071530968302,501,"Harrington, Scott",PGA,2022-07-25 12:16:17 UTC,anyone ranked outside top 500 in OWGR appear as 501
0,USA,459,10535,-1.10934648946044,501,"Flores, Martin",KFT,2022-07-25 12:16:17 UTC,anyone ranked outside top 500 in OWGR appear as 501
0,DEN,460,15680,-1.11014344911592,245,"Winther, Jeff",EURO,2022-07-25 12:16:17 UTC,anyone ranked outside top 500 in OWGR appear as 501
0,USA,461,23502,-1.11196782794421,501,"Thornberry, Braden",KFT,2022-07-25 12:16:17 UTC,anyone ranked outside top 500 in OWGR appear as 501
0,ENG,462,16400,-1.1150142350238,501,"Porteous, Garrick",EURO,2022-07-25 12:16:17 UTC,anyone ranked outside top 500 in OWGR appear as 501
0,USA,463,7301,-1.1150444211134098,501,"Dufner, Jason",PGA,2022-07-25 12:16:17 UTC,anyone ranked outside top 500 in OWGR appear as 501
0,THA,464,12321,-1.11646829846008,345,"Aphibarnrat, Kiradech",PGA,2022-07-25 12:16:17 UTC,anyone ranked outside top 500 in OWGR appear as 501
1,BEL,465,22002,-1.1187931073216002,501,"Chassart, Adrien Dumont de",AM,2022-07-25 12:16:17 UTC,anyone ranked outside top 500 in OWGR appear as 501
0,COL,466,16591,-1.1204676801183202,501,"Rozo, Marcelo",KFT,2022-07-25 12:16:17 UTC,anyone ranked outside top 500 in OWGR appear as 501
0,USA,467,26096,-1.12300476165777,450,"Bhatia, Akshay",KFT,2022-07-25 12:16:17 UTC,anyone ranked outside top 500 in OWGR appear as 501
0,USA,468,15634,-1.12416579857829,452,"Trainer, Martin",PGA,2022-07-25 12:16:17 UTC,anyone ranked outside top 500 in OWGR appear as 501
0,USA,469,28469,-1.12777337311442,501,"Highsmith, Joe",AM,2022-07-25 12:16:17 UTC,anyone ranked outside top 500 in OWGR appear as 501
0,FRA,470,14973,-1.12853385965827,406,"Levy, Alexander",EURO,2022-07-25 12:16:17 UTC,anyone ranked outside top 500 in OWGR appear as 501
0,USA,471,4340,-1.12964058839276,501,"Toms, David",CHAMP,2022-07-25 12:16:17 UTC,anyone ranked outside top 500 in OWGR appear as 501
0,RSA,472,9883,-1.13104400745391,501,"Van Der Walt, Dawie",KFT,2022-07-25 12:16:17 UTC,anyone ranked outside top 500 in OWGR appear as 501
1,USA,473,27819,-1.13533391430029,501,"Castillo, Ricky",AM,2022-07-25 12:16:17 UTC,anyone ranked outside top 500 in OWGR appear as 501
0,USA,474,21236,-1.13944171194625,501,"Bryan, Wesley",PGA,2022-07-25 12:16:17 UTC,anyone ranked outside top 500 in OWGR appear as 501
0,ARG,475,15239,-1.14104343186807,501,"Ledesma, Nelson",KFT,2022-07-25 12:16:17 UTC,anyone ranked outside top 500 in OWGR appear as 501
0,CHN,476,13026,-1.14145382921015,501,"Zhang, Xinjun",PGA,2022-07-25 12:16:17 UTC,anyone ranked outside top 500 in OWGR appear as 501
0,RSA,477,11980,-1.14339672355628,258,"Schietekat, Neil",AFR,2022-07-25 12:16:17 UTC,anyone ranked outside top 500 in OWGR appear as 501
0,THA,478,18149,-1.14438771629386,148,"Khongwatmai, Phachara",ASA,2022-07-25 12:16:17 UTC,anyone ranked outside top 500 in OWGR appear as 501
0,USA,479,11329,-1.14472180357305,501,"Reifers, Kyle",KFT,2022-07-25 12:16:17 UTC,anyone ranked outside top 500 in OWGR appear as 501
0,USA,480,19395,-1.15008607623227,501,"Thompson, Curtis",KFT,2022-07-25 12:16:17 UTC,anyone ranked outside top 500 in OWGR appear as 501
0,RSA,481,16897,-1.15052612202951,383,"Lombard, Zander",EURO,2022-07-25 12:16:17 UTC,anyone ranked outside top 500 in OWGR appear as 501
0,USA,482,27996,-1.15524465389039,501,"Cummins, Quade",KFT,2022-07-25 12:16:17 UTC,anyone ranked outside top 500 in OWGR appear as 501
0,USA,483,28539,-1.15597123864212,501,"Feagler, Clay",KFT,2022-07-25 12:16:17 UTC,anyone ranked outside top 500 in OWGR appear as 501
0,GUA,484,8670,-1.1581708255521102,501,"Toledo, Jos",SAM,2022-07-25 12:16:17 UTC,anyone ranked outside top 500 in OWGR appear as 501
0,THA,485,5973,-1.16069932609809,501,"Jaidee, Thongchai",CHAMP,2022-07-25 12:16:17 UTC,anyone ranked outside top 500 in OWGR appear as 501
0,USA,486,26211,-1.16122623646558,501,"Augenstein, John",KFT,2022-07-25 12:16:17 UTC,anyone ranked outside top 500 in OWGR appear as 501
0,JPN,487,22760,-1.16345666178881,242,"Hisatsune, Ryo",JPN,2022-07-25 12:16:17 UTC,anyone ranked outside top 500 in OWGR appear as 501
0,ENG,488,22608,-1.16624816986925,393,"Clements, Todd",CHA,2022-07-25 12:16:17 UTC,anyone ranked outside top 500 in OWGR appear as 501
0,DEN,489,16448,-1.17074899666821,418,"Simonsen, Martin Leth",CHA,2022-07-25 12:16:17 UTC,anyone ranked outside top 500 in OWGR appear as 501
0,USA,490,20353,-1.17142423594293,501,"Whitney, Tom",KFT,2022-07-25 12:16:17 UTC,anyone ranked outside top 500 in OWGR appear as 501
0,POR,491,8816,-1.17816848006555,501,"Santos, Ricardo",EURO,2022-07-25 12:16:17 UTC,anyone ranked outside top 500 in OWGR appear as 501
0,CHI,492,13619,-1.17856183257115,359,"Leon, Hugo",EURO,2022-07-25 12:16:17 UTC,anyone ranked outside top 500 in OWGR appear as 501
0,USA,493,28558,-1.17924479507867,284,"Werbylo, Trevor",KFT,2022-07-25 12:16:17 UTC,anyone ranked outside top 500 in OWGR appear as 501
0,USA,494,29433,-1.1818024922514,501,"Bridgeman, Jacob",AM,2022-07-25 12:16:17 UTC,anyone ranked outside top 500 in OWGR appear as 501
1,USA,495,29770,-1.18476140069933,501,"Mouw, William",AM,2022-07-25 12:16:17 UTC,anyone ranked outside top 500 in OWGR appear as 501
0,USA,496,25285,-1.1857443969111598,501,"Chiarella, Alex",KFT,2022-07-25 12:16:17 UTC,anyone ranked outside top 500 in OWGR appear as 501
0,USA,497,17570,-1.18705653030377,442,"Creel, Joshua",KFT,2022-07-25 12:16:17 UTC,anyone ranked outside top 500 in OWGR appear as 501
0,DEN,498,6149,-1.19219277533782,501,"Kjeldsen, Soren",EURO,2022-07-25 12:16:17 UTC,anyone ranked outside top 500 in OWGR appear as 501
0,SWE,499,20084,-1.2058239891338602,501,"Lindberg, Mikael",CHA,2022-07-25 12:16:17 UTC,anyone ranked outside top 500 in OWGR appear as 501
0,AUS,500,16842,-1.21074248804023,501,"Luck, Curtis",KFT,2022-07-25 12:16:17 UTC,anyone ranked outside top 500 in OWGR appear as 501
